{
    "vertices":[-0.23,0.289,0.256,0,-0,0.256,-0.23,0.161,0.256,-0.221213,0.151949,0.256,-0.2,0.1482,0.256,0,-0,0.256,-0.221213,0.298051,0.256,0,0.45,0.256,-0.2,0.3018,0.256,0.2,0.3018,0.256,0.221213,0.151949,0.256,0.2,0.1482,0.256,0,0.45,0.256,0.23,0.161,0.256,0.221213,0.298051,0.256,0.23,0.289,0.256,0,0,-0.256,0,0.45,-0.256,0,0,-0.256,0,0.45,-0.256,-0.2,0.3018,0.238225,0.2,0.3018,0.238225,-0.221213,0.298051,0.238225,-0.23,0.289,0.238225,-0.23,0.161,0.238225,-0.221213,0.151949,0.238225,-0.2,0.1482,0.238225,0.2,0.1482,0.238225,0.221213,0.151949,0.238225,0.23,0.161,0.238225,0.23,0.289,0.238225,0.221213,0.298051,0.238225],
    "uvs":[[0.142105,0.388007,0,0.236842,0.142105,0.321055,0.14673,0.316321,0.157895,0.31436,0.526316,0.236842,0.14673,0.392741,0,0.472219,0.157895,0.394702,0.368421,0.394702,0.379586,0.316321,0.368421,0.31436,0.526316,0.472219,0.384211,0.321055,0.379586,0.392741,0.38421,0.388007,0.122229,0.973684,0.122229,0.736842,0.390237,0.736842,0.390237,0.973684,0,0.235377,0,0,0.526316,0,0.526316,0.235377,0.122229,0.710526,0.122229,0.473684,0.390237,0.473684,0.390237,0.710526,0.661176,0,0.661176,0.526316,0.929185,0.526316,0.929185,0,0.391702,0.473684,0.659711,0.473684,0.659711,0.998535,0.391702,0.998535,0.022676,0.511442,0.022676,0.721968,0.030566,0.721968,0.030566,0.511442,0.011338,0.70151,0.021211,0.70151,0.021211,0.692154,0.011338,0.692154,0,0.473684,0,0.480323,0.009355,0.480323,0.009355,0.473684,0.022676,0.501918,0.090044,0.501918,0.090044,0.492563,0.022676,0.492563,0,0.582919,0,0.589559,0.009355,0.589559,0.009355,0.582919,0,0.855433,0.009873,0.855433,0.009873,0.846077,0,0.846077,0.032031,0.511442,0.032031,0.721968,0.039922,0.721968,0.039922,0.511442,0,0.70151,0.009873,0.70151,0.009873,0.692154,0,0.692154,0.011338,0.473684,0.011338,0.480323,0.020693,0.480323,0.020693,0.473684,0.022676,0.48304,0.090044,0.48304,0.090044,0.473684,0.022676,0.473684,0.011338,0.582919,0.011338,0.589558,0.020693,0.589558,0.020693,0.582919,0.011338,0.855433,0.021211,0.855433,0.021211,0.846077,0.011338,0.846077,0.120764,0.527231,0.114149,0.511442,0.118826,0.516066,0.048001,0.511442,0.043324,0.516066,0.041387,0.527231,0.041387,0.737758,0.114149,0.753547,0.120764,0.737758,0.118826,0.748922,0.048001,0.753547,0.043324,0.748922]],
    "metadata":{
        "vertices":32,
        "uvs":1,
        "version":3,
        "normals":30,
        "faces":43,
        "morphTargets":2,
        "materials":2,
        "generator":"io_three",
        "type":"Geometry"
    },
    "name":"object_1Geometry",
    "materials":[{
        "depthWrite":true,
        "DbgColor":15597568,
        "DbgName":"Material.001",
        "depthTest":true,
        "blending":"NormalBlending",
        "opacity":1,
        "transparent":false,
        "visible":true,
        "colorDiffuse":[0.64,0.64,0.64],
        "DbgIndex":1,
        "wireframe":false,
        "shading":"phong",
        "specularCoef":50,
        "colorEmissive":[0,0,0],
        "colorSpecular":[0.5,0.5,0.5]
    },{
        "depthWrite":true,
        "DbgColor":15658734,
        "DbgName":"Material.002",
        "depthTest":true,
        "blending":"NormalBlending",
        "opacity":1,
        "transparent":false,
        "visible":true,
        "colorDiffuse":[0.020315,0.020315,0.020315],
        "DbgIndex":0,
        "wireframe":false,
        "shading":"phong",
        "specularCoef":50,
        "colorEmissive":[0,0,0],
        "colorSpecular":[0.5,0.5,0.5]
    }],
    "normals":[0.718528,-0.291391,-0.631489,-0.579577,0,0.814875,0.718528,0.291391,-0.631489,0.358379,0.675863,-0.643971,0.059938,0.683676,0.727287,0.359691,0,0.933042,0.358379,-0.675893,-0.643971,-0.359691,0,0.933042,0.059938,-0.683676,0.727287,-0.059938,-0.683676,0.727287,-0.358379,0.675893,-0.643971,-0.059938,0.683676,0.727287,0.579577,0,0.814875,-0.718528,0.291391,-0.631489,-0.358379,-0.675893,-0.643971,-0.718528,-0.291391,-0.631489,0.447188,0,0.894406,-0.447188,0,0.894406,0.063387,-0.722953,0.687948,-0.063387,-0.722953,0.687948,0.358379,-0.675863,0.643971,0.718528,-0.291391,0.631458,0.718528,0.291391,0.631489,0.358379,0.675863,0.643971,0.063387,0.722953,0.687948,-0.063387,0.722953,0.687948,-0.358379,0.675863,0.643971,-0.718528,0.291391,0.631489,-0.718528,-0.291391,0.631489,-0.358379,-0.675863,0.643971],
    "faces":[42,0,1,2,0,0,1,2,0,1,2,42,3,2,1,0,3,2,1,3,2,1,42,1,4,3,0,1,4,3,1,4,3,42,4,1,5,0,4,1,5,4,1,5,42,6,7,0,0,6,7,0,6,7,0,42,1,0,7,0,1,0,7,1,0,7,42,7,6,8,0,7,6,8,7,6,8,42,9,7,8,0,9,7,8,9,7,8,42,5,10,11,0,5,10,11,5,10,11,42,12,13,5,0,12,13,5,12,13,5,42,10,5,13,0,10,5,13,10,5,13,42,5,11,4,0,5,11,4,5,11,4,42,12,9,14,0,12,9,14,12,9,14,42,14,15,12,0,14,15,12,14,15,12,42,13,12,15,0,13,12,15,13,12,15,42,7,9,12,0,7,9,12,7,9,12,43,12,5,16,17,0,16,17,18,19,12,5,16,16,43,17,16,18,19,0,20,21,22,23,16,16,17,17,43,19,18,1,7,0,24,25,26,27,17,17,1,7,43,18,16,5,1,0,28,29,30,31,17,16,5,1,43,19,7,12,17,0,32,33,34,35,17,7,12,16,43,20,21,9,8,0,36,37,38,39,18,19,9,8,43,22,20,8,6,0,40,41,42,43,20,18,8,6,43,6,0,23,22,0,46,47,44,45,6,0,21,20,43,0,2,24,23,0,50,51,48,49,0,2,22,21,43,25,24,2,3,0,52,53,54,55,23,22,2,3,43,26,25,3,4,0,56,57,58,59,24,23,3,4,43,27,26,4,11,0,60,61,62,63,25,24,4,11,43,28,27,11,10,0,64,65,66,67,26,25,11,10,43,29,28,10,13,0,68,69,70,71,27,26,10,13,43,30,29,13,15,0,72,73,74,75,28,27,13,15,43,31,30,15,14,0,76,77,78,79,29,28,15,14,43,21,31,14,9,0,80,81,82,83,19,29,14,9,42,21,30,31,1,84,85,86,19,28,29,42,29,30,21,1,87,85,84,27,28,19,42,28,29,27,1,88,87,89,26,27,25,42,21,27,29,1,84,89,87,19,25,27,42,27,21,26,1,89,84,90,25,19,24,42,23,20,22,1,91,92,93,21,18,20,42,24,20,23,1,94,92,91,22,18,21,42,25,26,24,1,95,90,94,23,24,22,42,20,24,26,1,92,94,90,18,22,24,42,21,20,26,1,84,92,90,19,18,24],
    "morphTargets":[{
        "vertices":[-0.23,0.289,0.256,0,-0,0.256,-0.23,0.161,0.256,-0.221213,0.151949,0.256,-0.2,0.1482,0.256,0,-0,0.256,-0.221213,0.298051,0.256,0,0.45,0.256,-0.2,0.3018,0.256,0.2,0.3018,0.256,0.221213,0.151949,0.256,0.2,0.1482,0.256,0,0.45,0.256,0.23,0.161,0.256,0.221213,0.298051,0.256,0.23,0.289,0.256,0,0,-0.256,0,0.45,-0.256,0,0,-0.256,0,0.45,-0.256,-0.2,0.3018,0.238225,0.2,0.3018,0.238225,-0.221213,0.298051,0.238225,-0.23,0.289,0.238225,-0.23,0.161,0.238225,-0.221213,0.151949,0.238225,-0.2,0.1482,0.238225,0.2,0.1482,0.238225,0.221213,0.151949,0.238225,0.23,0.161,0.238225,0.23,0.289,0.238225,0.221213,0.298051,0.238225],
        "name":"animation_000000"
    },{
        "vertices":[-0.23,0.289,0.256,-2,-0,0.256,-0.23,0.161,0.256,-0.221213,0.151949,0.256,-0.2,0.1482,0.256,2,-0,0.256,-0.221213,0.298051,0.256,-2,0.45,0.256,-0.2,0.3018,0.256,0.2,0.3018,0.256,0.221213,0.151949,0.256,0.2,0.1482,0.256,2,0.45,0.256,0.23,0.161,0.256,0.221213,0.298051,0.256,0.23,0.289,0.256,2,0,-0.256,2,0.45,-0.256,-2,0,-0.256,-2,0.45,-0.256,-0.2,0.3018,0.238225,0.2,0.3018,0.238225,-0.221213,0.298051,0.238225,-0.23,0.289,0.238225,-0.23,0.161,0.238225,-0.221213,0.151949,0.238225,-0.2,0.1482,0.238225,0.2,0.1482,0.238225,0.221213,0.151949,0.238225,0.23,0.161,0.238225,0.23,0.289,0.238225,0.221213,0.298051,0.238225],
        "name":"animation_000001"
    }]
}