{
    "normals":[-0.577349,-0.577349,0.577349,-0.577349,0.577349,0.577349,-0.577349,0.577349,-0.577349,-0.577349,-0.577349,-0.577349,0.577349,0.577349,0.577349,0.577349,0.577349,-0.577349,0.577349,-0.577349,0.577349,0.577349,-0.577349,-0.577349,-0.638234,0,0.769829,-0.622333,0,0.782739,0.622333,0,0.782739,0.638234,0,0.769829,0.447188,0,0.894406,-0.447188,0,0.894406],
    "metadata":{
        "vertices":24,
        "version":3,
        "type":"Geometry",
        "uvs":1,
        "normals":14,
        "materials":2,
        "generator":"io_three",
        "faces":22,
        "morphTargets":2
    },
    "vertices":[-0.345,0.155,0.256,-0.345,0.325,0.256,-0.345,0.325,0.241,-0.345,0.155,0.241,0.345,0.325,0.256,0.345,0.325,0.241,0.345,0.155,0.256,0.345,0.155,0.241,0,0.4475,0.256,0,0,0.256,-0.35,0.15,0.256,-0.35,0.33,0.256,0,0,0.256,0.35,0.15,0.256,0.35,0.33,0.256,0,0.4475,0.256,0,0,-0.256,0,0.4475,-0.256,0,0,-0.256,0,0.4475,-0.256,0.35,0.15,0.236,-0.35,0.15,0.236,0.35,0.33,0.236,-0.35,0.33,0.236],
    "materials":[{
        "DbgIndex":0,
        "depthWrite":true,
        "wireframe":false,
        "colorDiffuse":[0.020315,0.020315,0.020315],
        "opacity":1,
        "depthTest":true,
        "colorEmissive":[0,0,0],
        "shading":"lambert",
        "DbgColor":15658734,
        "visible":true,
        "transparent":false,
        "blending":"NormalBlending",
        "DbgName":"Material.002"
    },{
        "colorSpecular":[0.5,0.5,0.5],
        "DbgIndex":1,
        "depthWrite":true,
        "wireframe":false,
        "colorDiffuse":[0.64,0.64,0.64],
        "opacity":1,
        "depthTest":true,
        "colorEmissive":[0,0,0],
        "shading":"phong",
        "DbgColor":15597568,
        "visible":true,
        "transparent":false,
        "specularCoef":50,
        "blending":"NormalBlending",
        "DbgName":"Material.001"
    }],
    "faces":[43,0,1,2,3,0,0,1,2,3,0,1,2,3,43,1,4,5,2,0,1,4,5,2,1,4,5,2,43,4,6,7,5,0,4,6,7,5,4,6,7,5,43,6,0,3,7,0,6,8,9,7,6,0,3,7,42,0,6,4,0,10,11,12,0,6,4,42,4,1,0,0,12,13,10,4,1,0,42,3,5,7,0,14,15,16,3,5,7,42,5,3,2,0,15,14,17,5,3,2,43,8,9,10,11,1,18,19,20,21,8,9,5,7,43,9,12,13,10,1,19,22,23,20,9,10,2,5,43,11,14,15,8,1,21,24,25,18,7,3,11,8,43,12,15,14,13,1,22,25,24,23,10,11,3,2,43,15,12,16,17,1,26,27,28,29,11,10,12,12,43,17,16,18,19,1,30,0,31,32,12,12,13,13,43,19,18,9,8,1,33,34,35,36,13,13,9,8,43,18,16,12,9,1,37,38,39,40,13,12,10,9,43,19,8,15,17,1,41,42,43,44,13,8,11,12,43,20,21,10,13,1,45,46,47,48,1,4,5,2,43,22,20,13,14,1,49,50,51,52,0,1,2,3,43,23,22,14,11,1,53,54,55,56,6,0,3,7,43,21,23,11,10,1,57,58,59,60,4,6,7,5,43,23,21,20,22,1,61,62,63,64,6,4,1,0],
    "uvs":[[0,0,0.088674,0,0.088674,0.521127,0,0.521127,0.5,0,0.5,0.521127,0.588674,0,0.588674,0.521127,1,0,1,0.521127,0.401163,1,0,1,0,0.521127,0.401163,0.521127,1,0.521127,0.598837,1,0.598837,0.521127,1,1,0,0.470831,0,0.236148,0.079156,0.314812,0.079156,0.40921,0.527704,0.236148,0.448549,0.314812,0.448549,0.40921,0.527704,0.470831,0.582586,0.236148,0.582586,0,0.85277,0,0.85277,0.236148,0,0.234683,0.527704,0,0.527704,0.234683,0.582586,0.819869,0.582586,0.583721,0.85277,0.583721,0.85277,0.819869,0.312401,0.472296,0.312401,0.998535,0.581121,0.998535,0.581121,0.472296,0.042216,0.472296,0.310936,0.472296,0.310936,0.998535,0.042216,0.998535,0.031662,0.472296,0.031662,0.841689,0.040752,0.841689,0.040752,0.472296,0.010554,0.472296,0.010554,0.567282,0.019643,0.567282,0.019643,0.472296,0.021108,0.472296,0.021108,0.841689,0.030197,0.841689,0.030197,0.472296,0,0.472296,0,0.567282,0.009089,0.567282,0.009089,0.472296,0.582586,0.511266,0.582586,0.416279,0.950514,0.416279,0.950514,0.511266]],
    "morphTargets":[{
        "vertices":[-0.345,0.155,0.256,-0.345,0.325,0.256,-0.345,0.325,0.241,-0.345,0.155,0.241,0.345,0.325,0.256,0.345,0.325,0.241,0.345,0.155,0.256,0.345,0.155,0.241,0,0.4475,0.256,0,0,0.256,-0.35,0.15,0.256,-0.35,0.33,0.256,0,0,0.256,0.35,0.15,0.256,0.35,0.33,0.256,0,0.4475,0.256,0,0,-0.256,0,0.4475,-0.256,0,0,-0.256,0,0.4475,-0.256,0.35,0.15,0.236,-0.35,0.15,0.236,0.35,0.33,0.236,-0.35,0.33,0.236],
        "name":"animation_000000"
    },{
        "vertices":[-0.345,0.155,0.256,-0.345,0.325,0.256,-0.345,0.325,0.241,-0.345,0.155,0.241,0.345,0.325,0.256,0.345,0.325,0.241,0.345,0.155,0.256,0.345,0.155,0.241,-0.5,0.4475,0.256,-0.5,0,0.256,-0.35,0.15,0.256,-0.35,0.33,0.256,0.5,0,0.256,0.35,0.15,0.256,0.35,0.33,0.256,0.5,0.4475,0.256,0.5,0,-0.256,0.5,0.4475,-0.256,-0.5,0,-0.256,-0.5,0.4475,-0.256,0.35,0.15,0.236,-0.35,0.15,0.236,0.35,0.33,0.236,-0.35,0.33,0.236],
        "name":"animation_000001"
    }],
    "name":"object_2Geometry"
}