{
    "vertices":[0.03,0,0.3,0.03,0.3,0.3,0.03,0,0,0.03,0.3,-0,0.05,0,0.3,0.05,0.3,0.3,0.05,0,0,0.05,0.3,-0,-0.05,0,0.3,-0.05,0.3,0.3,-0.05,0,0,-0.05,0.3,-0,-0.03,0,0.3,-0.03,0.3,0.3,-0.03,0,0,-0.03,0.3,-0,-0.1,0.3,0.2,-0.1,0.35,0.2,-0.1,0.3,0.1,-0.1,0.35,0.1,-0.06,0.3,0.2,-0.06,0.35,0.2,-0.06,0.3,0.1,-0.06,0.35,0.1,-0.28,0.3,0.2,-0.28,0.35,0.2,-0.28,0.3,0.1,-0.28,0.35,0.1,-0.24,0.3,0.2,-0.24,0.35,0.2,-0.24,0.3,0.1,-0.24,0.35,0.1,0.2,0.3,0.2,0.2,0.35,0.2,0.2,0.3,0.1,0.2,0.35,0.1,0.24,0.3,0.2,0.24,0.35,0.2,0.24,0.3,0.1,0.24,0.35,0.1,0.02,0.3,0.2,0.02,0.35,0.2,0.02,0.3,0.1,0.02,0.35,0.1,0.06,0.3,0.2,0.06,0.35,0.2,0.06,0.3,0.1,0.06,0.35,0.1,0,0,0,0,0,0.3,-0.3,0,0.3,-0.3,-0,-0,0,0.3,0,0,0.3,0.3,-0.3,0.3,0.3,-0.3,0.3,-0,0.3,0,0,0.3,0,0.3,-0,0,0.3,0,-0,-0,0.3,0.3,0,0.3,0.3,0.3,-0,0.3,0.3,0,0.3,-0,-0.3,0,0,-0.3,0,0.3,0.3,0,0.3,0.300001,-0,-0,-0.299999,0.3,0,-0.300001,0.3,0.3,0.299999,0.3,0.3,0.3,0.3,-0],
    "metadata":{
        "type":"Geometry",
        "generator":"io_three",
        "materials":6,
        "faces":54,
        "normals":11,
        "vertices":72,
        "version":3,
        "uvs":1,
        "morphTargets":2
    },
    "name":"Cube.000Geometry",
    "morphTargets":[{
        "vertices":[0.03,0,0.3,0.03,0.3,0.3,0.03,0,0,0.03,0.3,-0,0.05,0,0.3,0.05,0.3,0.3,0.05,0,0,0.05,0.3,-0,-0.05,0,0.3,-0.05,0.3,0.3,-0.05,0,0,-0.05,0.3,-0,-0.03,0,0.3,-0.03,0.3,0.3,-0.03,0,0,-0.03,0.3,-0,-0.1,0.3,0.2,-0.1,0.35,0.2,-0.1,0.3,0.1,-0.1,0.35,0.1,-0.06,0.3,0.2,-0.06,0.35,0.2,-0.06,0.3,0.1,-0.06,0.35,0.1,-0.28,0.3,0.2,-0.28,0.35,0.2,-0.28,0.3,0.1,-0.28,0.35,0.1,-0.24,0.3,0.2,-0.24,0.35,0.2,-0.24,0.3,0.1,-0.24,0.35,0.1,0.2,0.3,0.2,0.2,0.35,0.2,0.2,0.3,0.1,0.2,0.35,0.1,0.24,0.3,0.2,0.24,0.35,0.2,0.24,0.3,0.1,0.24,0.35,0.1,0.02,0.3,0.2,0.02,0.35,0.2,0.02,0.3,0.1,0.02,0.35,0.1,0.06,0.3,0.2,0.06,0.35,0.2,0.06,0.3,0.1,0.06,0.35,0.1,0,0,0,0,0,0.3,-0.3,0,0.3,-0.3,-0,-0,0,0.3,0,0,0.3,0.3,-0.3,0.3,0.3,-0.3,0.3,-0,0.3,0,0,0.3,0,0.3,-0,0,0.3,0,-0,-0,0.3,0.3,0,0.3,0.3,0.3,-0,0.3,0.3,0,0.3,-0,-0.3,0,0,-0.3,0,0.3,0.3,0,0.3,0.300001,-0,-0,-0.299999,0.3,0,-0.300001,0.3,0.3,0.299999,0.3,0.3,0.3,0.3,-0],
        "name":"animation_000000"
    },{
        "vertices":[1.03,0,0.3,1.03,0.3,0.3,1.03,0,0,1.03,0.3,-0,1.05,0,0.3,1.05,0.3,0.3,1.05,0,0,1.05,0.3,-0,-0.05,0,0.3,-0.05,0.3,0.3,-0.05,0,0,-0.05,0.3,-0,-0.03,0,0.3,-0.03,0.3,0.3,-0.03,0,0,-0.03,0.3,-0,0.9,0.3,0.2,0.9,0.35,0.2,0.9,0.3,0.1,0.9,0.35,0.1,0.94,0.3,0.2,0.94,0.35,0.2,0.94,0.3,0.1,0.94,0.35,0.1,0.72,0.3,0.2,0.72,0.35,0.2,0.72,0.3,0.1,0.72,0.35,0.1,0.76,0.3,0.2,0.76,0.35,0.2,0.76,0.3,0.1,0.76,0.35,0.1,0.2,0.3,0.2,0.2,0.35,0.2,0.2,0.3,0.1,0.2,0.35,0.1,0.24,0.3,0.2,0.24,0.35,0.2,0.24,0.3,0.1,0.24,0.35,0.1,0.02,0.3,0.2,0.02,0.35,0.2,0.02,0.3,0.1,0.02,0.35,0.1,0.06,0.3,0.2,0.06,0.35,0.2,0.06,0.3,0.1,0.06,0.35,0.1,1,0,0,1,0,0.3,0.7,0,0.3,0.7,0,0,1,0.3,-0,1,0.3,0.3,0.7,0.3,0.3,0.7,0.3,-0,0.3,0,0,0.3,0,0.3,-0,0,0.3,0,0,0,0.3,0.3,-0,0.3,0.3,0.3,-0,0.3,0.3,0,0.3,-0,0.7,0,0,0.7,0,0.3,0.3,0,0.3,0.300001,0,0,0.700001,0.3,-0,0.699999,0.3,0.3,0.299999,0.3,0.3,0.3,0.3,-0],
        "name":"animation_000001"
    }],
    "uvs":[[0,0,1,0,1,1,0,1]],
    "materials":[{
        "shading":"phong",
        "colorDiffuse":[0.8,0,0.001472],
        "wireframe":false,
        "colorEmissive":[0,0,0],
        "visible":true,
        "colorSpecular":[0.5,0.5,0.5],
        "DbgName":"cladding",
        "depthWrite":true,
        "depthTest":true,
        "transparent":false,
        "DbgIndex":5,
        "DbgColor":61166,
        "opacity":1,
        "blending":"NormalBlending",
        "specularCoef":50
    },{
        "shading":"phong",
        "colorDiffuse":[0.8,0.8,0.8],
        "wireframe":false,
        "colorEmissive":[0,0,0],
        "visible":true,
        "colorSpecular":[0.5,0.5,0.5],
        "DbgName":"patch_wall2",
        "depthWrite":true,
        "depthTest":true,
        "transparent":false,
        "DbgIndex":2,
        "DbgColor":60928,
        "opacity":1,
        "blending":"NormalBlending",
        "specularCoef":50
    },{
        "shading":"phong",
        "colorDiffuse":[1,1,1],
        "wireframe":false,
        "colorEmissive":[0,0,0],
        "visible":true,
        "colorSpecular":[0.5,0.5,0.5],
        "DbgName":"patch_wall1",
        "depthWrite":true,
        "depthTest":true,
        "transparent":false,
        "DbgIndex":1,
        "DbgColor":15597568,
        "opacity":1,
        "blending":"NormalBlending",
        "specularCoef":50
    },{
        "shading":"lambert",
        "colorDiffuse":[0.8,0.8,0.8],
        "wireframe":false,
        "colorEmissive":[0,0,0],
        "visible":true,
        "DbgName":"Material.001",
        "depthWrite":true,
        "depthTest":true,
        "transparent":false,
        "DbgIndex":0,
        "DbgColor":15658734,
        "opacity":1,
        "blending":"NormalBlending"
    },{
        "shading":"phong",
        "colorDiffuse":[1,1,1],
        "wireframe":false,
        "colorEmissive":[0,0,0],
        "visible":true,
        "colorSpecular":[0.5,0.5,0.5],
        "DbgName":"patch_floor",
        "depthWrite":true,
        "depthTest":true,
        "transparent":false,
        "DbgIndex":3,
        "DbgColor":238,
        "opacity":1,
        "blending":"NormalBlending",
        "specularCoef":50
    },{
        "shading":"phong",
        "colorDiffuse":[0.326375,0.326375,0.326375],
        "wireframe":false,
        "colorEmissive":[0,0,0],
        "visible":true,
        "colorSpecular":[0.5,0.5,0.5],
        "DbgName":"patch_wall3",
        "depthWrite":true,
        "depthTest":true,
        "transparent":false,
        "DbgIndex":4,
        "DbgColor":15658496,
        "opacity":1,
        "blending":"NormalBlending",
        "specularCoef":50
    }],
    "faces":[43,2,0,1,3,0,2,3,0,1,0,1,2,3,43,3,7,6,2,0,0,1,2,3,3,4,5,0,43,7,5,4,6,0,0,1,2,3,4,6,7,5,43,0,4,5,1,0,2,3,0,1,1,7,6,2,43,0,2,6,4,0,0,1,2,3,1,0,5,7,43,5,7,3,1,0,0,1,2,3,6,4,3,2,43,9,11,10,8,0,0,1,2,3,2,3,0,1,43,11,15,14,10,0,0,1,2,3,3,4,5,0,43,15,13,12,14,0,0,1,2,3,4,6,7,5,43,13,9,8,12,0,0,1,2,3,6,2,1,7,43,8,10,14,12,0,0,1,2,3,1,0,5,7,43,13,15,11,9,0,0,1,2,3,6,4,3,2,43,17,19,18,16,1,0,1,2,3,2,3,0,1,43,19,23,22,18,1,0,1,2,3,3,4,5,0,43,23,21,20,22,1,0,1,2,3,4,6,7,5,43,21,17,16,20,1,0,1,2,3,6,2,1,7,43,16,18,22,20,1,0,1,2,3,1,0,5,7,43,21,23,19,17,1,0,1,2,3,6,4,3,2,43,25,27,26,24,1,0,1,2,3,2,3,0,1,43,27,31,30,26,1,0,1,2,3,3,4,5,0,43,31,29,28,30,1,0,1,2,3,4,6,7,5,43,29,25,24,28,1,0,1,2,3,6,2,1,7,43,24,26,30,28,1,0,1,2,3,1,0,5,7,43,29,31,27,25,1,0,1,2,3,6,4,3,2,43,33,35,34,32,2,0,1,2,3,2,3,0,1,43,35,39,38,34,2,0,1,2,3,3,4,5,0,43,39,37,36,38,2,0,1,2,3,4,6,7,5,43,37,33,32,36,2,0,1,2,3,6,2,1,7,43,32,34,38,36,2,0,1,2,3,1,0,5,7,43,37,39,35,33,2,0,1,2,3,6,4,3,2,43,41,43,42,40,2,0,1,2,3,2,3,0,1,43,43,47,46,42,2,0,1,2,3,3,4,5,0,43,47,45,44,46,2,0,1,2,3,4,6,7,5,43,45,41,40,44,2,0,1,2,3,6,2,1,7,43,40,42,46,44,2,0,1,2,3,1,0,5,7,43,45,47,43,41,2,0,1,2,3,6,4,3,2,43,48,49,50,51,3,0,1,2,3,5,7,1,0,43,52,55,54,53,1,0,1,2,3,4,3,2,6,43,48,52,53,49,3,0,1,2,3,5,4,6,7,43,49,53,54,50,4,0,1,2,3,7,6,2,1,43,50,54,55,51,3,0,1,2,3,1,2,3,0,43,52,48,51,55,3,0,1,2,3,4,5,0,3,43,56,57,58,59,3,0,1,2,3,5,7,1,0,43,60,63,62,61,2,0,1,2,3,4,3,2,6,43,56,60,61,57,3,0,1,2,3,5,4,6,7,43,57,61,62,58,4,0,1,2,3,7,6,2,1,43,58,62,63,59,3,0,1,2,3,1,2,3,0,43,60,56,59,63,3,0,1,2,3,4,5,0,3,43,64,65,66,67,3,0,1,2,3,6,4,3,2,43,68,71,70,69,5,0,1,2,3,8,1,9,10,43,64,68,69,65,3,0,1,2,3,6,8,10,4,43,65,69,70,66,4,0,1,2,3,4,10,9,3,43,66,70,71,67,3,0,1,2,3,3,9,1,2,43,68,64,67,71,3,0,1,2,3,8,6,2,1],
    "normals":[-0.577349,-0.577349,-0.577349,-0.577349,-0.577349,0.577349,-0.577349,0.577349,0.577349,-0.577349,0.577349,-0.577349,0.577349,0.577349,-0.577349,0.577349,-0.577349,-0.577349,0.577349,0.577349,0.577349,0.577349,-0.577349,0.577349,0.577319,-0.577349,0.577349,-0.577319,-0.577349,-0.577349,0.577349,-0.577349,-0.577319]
}