{
    "normals":[-0.577349,-0.577349,-0.577349,-0.577349,-0.577349,0.577349,-0.577349,0.577349,0.577349,-0.577349,0.577349,-0.577349,0.577349,0.577349,-0.577349,0.577349,-0.577349,-0.577349,0.577349,0.577349,0.577349,0.577349,-0.577349,0.577349],
    "metadata":{
        "normals":8,
        "type":"Geometry",
        "materials":4,
        "uvs":1,
        "generator":"io_three",
        "vertices":32,
        "morphTargets":2,
        "faces":24,
        "version":3
    },
    "vertices":[-0.05,0,0.3,-0.05,0.3,0.3,-0.05,0,0,-0.05,0.3,-0,-0.03,0,0.3,-0.03,0.3,0.3,-0.03,0,0,-0.03,0.3,-0,0.2,0.3,0.2,0.2,0.35,0.2,0.2,0.3,0.1,0.2,0.35,0.1,0.24,0.3,0.2,0.24,0.35,0.2,0.24,0.3,0.1,0.24,0.35,0.1,0.02,0.3,0.2,0.02,0.35,0.2,0.02,0.3,0.1,0.02,0.35,0.1,0.06,0.3,0.2,0.06,0.35,0.2,0.06,0.3,0.1,0.06,0.35,0.1,0.3,0,0,0.3,0,0.3,-0,0,0.3,0,-0,-0,0.3,0.3,0,0.3,0.3,0.3,-0,0.3,0.3,0,0.3,-0],
    "materials":[{
        "depthTest":true,
        "colorSpecular":[0.5,0.5,0.5],
        "depthWrite":true,
        "visible":true,
        "DbgName":"cladding",
        "specularCoef":50,
        "shading":"phong",
        "DbgIndex":5,
        "wireframe":false,
        "colorDiffuse":[0.8,0,0.001472],
        "transparent":false,
        "DbgColor":61166,
        "blending":"NormalBlending",
        "opacity":1,
        "colorEmissive":[0,0,0]
    },{
        "depthTest":true,
        "colorSpecular":[0.5,0.5,0.5],
        "depthWrite":true,
        "visible":true,
        "DbgName":"patch_wall1",
        "specularCoef":50,
        "shading":"phong",
        "DbgIndex":1,
        "wireframe":false,
        "colorDiffuse":[0,0.375099,0],
        "transparent":false,
        "DbgColor":15597568,
        "blending":"NormalBlending",
        "opacity":1,
        "colorEmissive":[0,0,0]
    },{
        "depthTest":true,
        "depthWrite":true,
        "visible":true,
        "DbgName":"Material.001",
        "shading":"lambert",
        "DbgIndex":0,
        "wireframe":false,
        "colorDiffuse":[0.8,0.8,0.8],
        "transparent":false,
        "DbgColor":15658734,
        "blending":"NormalBlending",
        "opacity":1,
        "colorEmissive":[0,0,0]
    },{
        "depthTest":true,
        "colorSpecular":[0.5,0.5,0.5],
        "depthWrite":true,
        "visible":true,
        "DbgName":"patch_floor",
        "specularCoef":50,
        "shading":"phong",
        "DbgIndex":3,
        "wireframe":false,
        "colorDiffuse":[0,0.000145,0.8],
        "transparent":false,
        "DbgColor":238,
        "blending":"NormalBlending",
        "opacity":1,
        "colorEmissive":[0,0,0]
    }],
    "morphTargets":[{
        "name":"animation_000000",
        "vertices":[-0.05,0,0.3,-0.05,0.3,0.3,-0.05,0,0,-0.05,0.3,-0,-0.03,0,0.3,-0.03,0.3,0.3,-0.03,0,0,-0.03,0.3,-0,0.2,0.3,0.2,0.2,0.35,0.2,0.2,0.3,0.1,0.2,0.35,0.1,0.24,0.3,0.2,0.24,0.35,0.2,0.24,0.3,0.1,0.24,0.35,0.1,0.02,0.3,0.2,0.02,0.35,0.2,0.02,0.3,0.1,0.02,0.35,0.1,0.06,0.3,0.2,0.06,0.35,0.2,0.06,0.3,0.1,0.06,0.35,0.1,0.3,0,0,0.3,0,0.3,-0,0,0.3,0,-0,-0,0.3,0.3,0,0.3,0.3,0.3,-0,0.3,0.3,0,0.3,-0]
    },{
        "name":"animation_000001",
        "vertices":[-0.05,0,0.3,-0.05,0.3,0.3,-0.05,0,0,-0.05,0.3,-0,-0.03,0,0.3,-0.03,0.3,0.3,-0.03,0,0,-0.03,0.3,-0,0.2,0.3,0.2,0.2,0.35,0.2,0.2,0.3,0.1,0.2,0.35,0.1,0.24,0.3,0.2,0.24,0.35,0.2,0.24,0.3,0.1,0.24,0.35,0.1,0.02,0.3,0.2,0.02,0.35,0.2,0.02,0.3,0.1,0.02,0.35,0.1,0.06,0.3,0.2,0.06,0.35,0.2,0.06,0.3,0.1,0.06,0.35,0.1,0.3,0,0,0.3,0,0.3,-0,0,0.3,0,0,0,0.3,0.3,-0,0.3,0.3,0.3,-0,0.3,0.3,0,0.3,-0]
    }],
    "uvs":[[0,0,1,0,1,1,0,1]],
    "faces":[43,2,0,1,3,0,2,3,0,1,0,1,2,3,43,3,7,6,2,0,0,1,2,3,3,4,5,0,43,7,5,4,6,0,0,1,2,3,4,6,7,5,43,0,4,5,1,0,2,3,0,1,1,7,6,2,43,0,2,6,4,0,0,1,2,3,1,0,5,7,43,5,7,3,1,0,0,1,2,3,6,4,3,2,43,9,11,10,8,1,0,1,2,3,2,3,0,1,43,11,15,14,10,1,0,1,2,3,3,4,5,0,43,15,13,12,14,1,0,1,2,3,4,6,7,5,43,13,9,8,12,1,0,1,2,3,6,2,1,7,43,8,10,14,12,1,0,1,2,3,1,0,5,7,43,13,15,11,9,1,0,1,2,3,6,4,3,2,43,17,19,18,16,1,0,1,2,3,2,3,0,1,43,19,23,22,18,1,0,1,2,3,3,4,5,0,43,23,21,20,22,1,0,1,2,3,4,6,7,5,43,21,17,16,20,1,0,1,2,3,6,2,1,7,43,16,18,22,20,1,0,1,2,3,1,0,5,7,43,21,23,19,17,1,0,1,2,3,6,4,3,2,43,24,25,26,27,2,0,1,2,3,5,7,1,0,43,28,31,30,29,1,0,1,2,3,4,3,2,6,43,24,28,29,25,2,0,1,2,3,5,4,6,7,43,25,29,30,26,3,0,1,2,3,7,6,2,1,43,26,30,31,27,2,0,1,2,3,1,2,3,0,43,28,24,27,31,2,0,1,2,3,4,5,0,3],
    "name":"Cube.001Geometry"
}