{
    "faces":[35,0,1,2,3,0,0,1,2,3,35,4,7,6,5,0,4,5,6,7,35,0,4,5,1,0,0,4,7,1,35,1,5,6,2,0,1,7,6,2,35,2,6,7,3,0,2,6,5,3,35,4,0,3,7,0,4,0,3,5,35,8,9,10,11,0,0,1,2,3,35,12,15,14,13,1,4,5,6,7,35,8,12,13,9,0,0,4,7,1,35,9,13,14,10,0,1,7,6,2,35,10,14,15,11,0,2,6,5,3,35,12,8,11,15,0,4,0,3,5,35,16,17,18,19,0,7,4,5,6,35,20,23,22,21,0,8,2,9,10,35,16,20,21,17,0,7,8,10,4,35,17,21,22,18,0,4,10,9,5,35,18,22,23,19,0,5,9,2,6,35,20,16,19,23,0,8,7,6,2],
    "uvs":[],
    "metadata":{
        "faces":18,
        "generator":"io_three",
        "morphTargets":2,
        "version":3,
        "uvs":0,
        "vertices":24,
        "normals":11,
        "materials":2,
        "type":"Geometry"
    },
    "vertices":[0,0,0,0,0,0.3,-0.2,0,0.3,-0.2,-0,-0,0,0.3,0,0,0.3,0.3,-0.2,0.3,0.3,-0.2,0.3,-0,0.2,0,0,0.2,0,0.3,-0,0,0.3,0,-0,-0,0.2,0.3,0,0.2,0.3,0.3,-0,0.3,0.3,0,0.3,-0,-0.2,0,0,-0.2,0,0.3,0.2,0,0.3,0.200001,-0,-0,-0.199999,0.3,0,-0.200001,0.3,0.3,0.199999,0.3,0.3,0.2,0.3,-0],
    "normals":[0.577349,-0.577349,-0.577349,0.577349,-0.577349,0.577349,-0.577349,-0.577349,0.577349,-0.577349,-0.577349,-0.577349,0.577349,0.577349,-0.577349,-0.577349,0.577349,-0.577349,-0.577349,0.577349,0.577349,0.577349,0.577349,0.577349,0.577319,-0.577349,0.577349,-0.577319,-0.577349,-0.577349,0.577349,-0.577349,-0.577319],
    "materials":[{
        "visible":true,
        "DbgIndex":0,
        "colorEmissive":[0,0,0],
        "colorDiffuse":[0.8,0.8,0.8],
        "depthWrite":true,
        "transparent":false,
        "wireframe":false,
        "DbgName":"Material",
        "DbgColor":15658734,
        "depthTest":true,
        "blending":"NormalBlending",
        "shading":"lambert",
        "opacity":1
    },{
        "visible":true,
        "DbgIndex":1,
        "colorSpecular":[0.5,0.5,0.5],
        "colorEmissive":[0,0,0],
        "specularCoef":50,
        "colorDiffuse":[1,0,0],
        "depthWrite":true,
        "transparent":false,
        "wireframe":false,
        "DbgName":"patch_wall",
        "DbgColor":15597568,
        "depthTest":true,
        "blending":"NormalBlending",
        "shading":"phong",
        "opacity":1
    }],
    "name":"Cube.001Geometry",
    "morphTargets":[{
        "name":"animation_000000",
        "vertices":[0,0,0,0,0,0.3,-0.2,0,0.3,-0.2,-0,-0,0,0.3,0,0,0.3,0.3,-0.2,0.3,0.3,-0.2,0.3,-0,0.2,0,0,0.2,0,0.3,-0,0,0.3,0,-0,-0,0.2,0.3,0,0.2,0.3,0.3,-0,0.3,0.3,0,0.3,-0,-0.2,0,0,-0.2,0,0.3,0.2,0,0.3,0.200001,-0,-0,-0.199999,0.3,0,-0.200001,0.3,0.3,0.199999,0.3,0.3,0.2,0.3,-0]
    },{
        "name":"animation_000001",
        "vertices":[1,0,0,1,0,0.3,0.8,0,0.3,0.8,-0,-0,1,0.3,0,1,0.3,0.3,0.8,0.3,0.3,0.8,0.3,-0,0.2,0,0,0.2,0,0.3,-0,0,0.3,0,-0,-0,0.2,0.3,0,0.2,0.3,0.3,-0,0.3,0.3,0,0.3,-0,0.8,0,0,0.8,0,0.3,0.2,0,0.3,0.200001,-0,-0,0.800001,0.3,0,0.799999,0.3,0.3,0.199999,0.3,0.3,0.2,0.3,-0]
    }]
}