{
    "faces":[35,2,0,1,3,0,0,1,2,3,35,3,7,6,2,0,3,4,5,0,35,7,5,4,6,0,4,6,7,5,35,0,4,5,1,0,1,7,6,2,35,0,2,6,4,0,1,0,5,7,35,5,7,3,1,0,6,4,3,2,35,9,11,10,8,0,2,3,0,1,35,11,15,14,10,0,3,4,5,0,35,15,13,12,14,0,4,6,7,5,35,13,9,8,12,0,6,2,1,7,35,8,10,14,12,0,1,0,5,7,35,13,15,11,9,0,6,4,3,2,35,17,19,18,16,0,2,3,0,1,35,19,23,22,18,0,3,4,5,0,35,23,21,20,22,0,4,6,7,5,35,21,17,16,20,0,6,2,1,7,35,16,18,22,20,0,1,0,5,7,35,21,23,19,17,0,6,4,3,2,35,25,27,26,24,0,2,3,0,1,35,27,31,30,26,0,3,4,5,0,35,31,29,28,30,0,4,6,7,5,35,29,25,24,28,0,6,2,1,7,35,24,26,30,28,0,1,0,5,7,35,29,31,27,25,0,6,4,3,2,35,32,33,34,35,0,5,7,1,0,35,36,39,38,37,1,4,3,2,6,35,32,36,37,33,0,5,4,6,7,35,33,37,38,34,2,7,6,2,1,35,34,38,39,35,0,1,2,3,0,35,36,32,35,39,0,4,5,0,3,35,40,41,42,43,0,5,7,1,0,35,44,47,46,45,3,4,3,2,6,35,40,44,45,41,0,5,4,6,7,35,41,45,46,42,2,7,6,2,1,35,42,46,47,43,0,1,2,3,0,35,44,40,43,47,0,4,5,0,3,35,48,49,50,51,0,6,4,3,2,35,52,55,54,53,4,8,1,9,10,35,48,52,53,49,0,6,8,10,4,35,49,53,54,50,2,4,10,9,3,35,50,54,55,51,0,3,9,1,2,35,52,48,51,55,0,8,6,2,1],
    "vertices":[-0.1,0.3,0.2,-0.1,0.35,0.2,-0.1,0.3,0.1,-0.1,0.35,0.1,-0.06,0.3,0.2,-0.06,0.35,0.2,-0.06,0.3,0.1,-0.06,0.35,0.1,-0.28,0.3,0.2,-0.28,0.35,0.2,-0.28,0.3,0.1,-0.28,0.35,0.1,-0.24,0.3,0.2,-0.24,0.35,0.2,-0.24,0.3,0.1,-0.24,0.35,0.1,0.2,0.3,0.2,0.2,0.35,0.2,0.2,0.3,0.1,0.2,0.35,0.1,0.24,0.3,0.2,0.24,0.35,0.2,0.24,0.3,0.1,0.24,0.35,0.1,0.02,0.3,0.2,0.02,0.35,0.2,0.02,0.3,0.1,0.02,0.35,0.1,0.06,0.3,0.2,0.06,0.35,0.2,0.06,0.3,0.1,0.06,0.35,0.1,0,0,0,0,0,0.3,-0.3,0,0.3,-0.3,-0,-0,0,0.3,0,0,0.3,0.3,-0.3,0.3,0.3,-0.3,0.3,-0,0.3,0,0,0.3,0,0.3,-0,0,0.3,0,-0,-0,0.3,0.3,0,0.3,0.3,0.3,-0,0.3,0.3,0,0.3,-0,-0.3,0,0,-0.3,0,0.3,0.3,0,0.3,0.300001,-0,-0,-0.299999,0.3,0,-0.300001,0.3,0.3,0.299999,0.3,0.3,0.3,0.3,-0],
    "name":"Cube.001Geometry.6",
    "materials":[{
        "shading":"lambert",
        "visible":true,
        "wireframe":false,
        "opacity":1,
        "colorEmissive":[0,0,0],
        "depthTest":true,
        "DbgName":"Material",
        "DbgColor":15658734,
        "DbgIndex":0,
        "depthWrite":true,
        "transparent":false,
        "colorDiffuse":[0.8,0.8,0.8],
        "blending":"NormalBlending"
    },{
        "shading":"phong",
        "colorSpecular":[0.5,0.5,0.5],
        "visible":true,
        "wireframe":false,
        "opacity":1,
        "colorEmissive":[0,0,0],
        "depthTest":true,
        "DbgName":"patch_wall2",
        "DbgColor":60928,
        "DbgIndex":2,
        "depthWrite":true,
        "specularCoef":50,
        "transparent":false,
        "colorDiffuse":[0,0.64,0.039036],
        "blending":"NormalBlending"
    },{
        "shading":"phong",
        "colorSpecular":[0.5,0.5,0.5],
        "visible":true,
        "wireframe":false,
        "opacity":1,
        "colorEmissive":[0,0,0],
        "depthTest":true,
        "DbgName":"patch_floor",
        "DbgColor":238,
        "DbgIndex":3,
        "depthWrite":true,
        "specularCoef":50,
        "transparent":false,
        "colorDiffuse":[0,0.000145,0.8],
        "blending":"NormalBlending"
    },{
        "shading":"phong",
        "colorSpecular":[0.5,0.5,0.5],
        "visible":true,
        "wireframe":false,
        "opacity":1,
        "colorEmissive":[0,0,0],
        "depthTest":true,
        "DbgName":"patch_wall1",
        "DbgColor":15597568,
        "DbgIndex":1,
        "depthWrite":true,
        "specularCoef":50,
        "transparent":false,
        "colorDiffuse":[1,0,0],
        "blending":"NormalBlending"
    },{
        "shading":"phong",
        "colorSpecular":[0.5,0.5,0.5],
        "visible":true,
        "wireframe":false,
        "opacity":1,
        "colorEmissive":[0,0,0],
        "depthTest":true,
        "DbgName":"patch_wall3",
        "DbgColor":15658496,
        "DbgIndex":4,
        "depthWrite":true,
        "specularCoef":50,
        "transparent":false,
        "colorDiffuse":[0.8,0.152005,0],
        "blending":"NormalBlending"
    }],
    "normals":[-0.577349,-0.577349,-0.577349,-0.577349,-0.577349,0.577349,-0.577349,0.577349,0.577349,-0.577349,0.577349,-0.577349,0.577349,0.577349,-0.577349,0.577349,-0.577349,-0.577349,0.577349,0.577349,0.577349,0.577349,-0.577349,0.577349,0.577319,-0.577349,0.577349,-0.577319,-0.577349,-0.577349,0.577349,-0.577349,-0.577319],
    "uvs":[],
    "metadata":{
        "faces":42,
        "materials":5,
        "normals":11,
        "morphTargets":2,
        "version":3,
        "vertices":56,
        "generator":"io_three",
        "uvs":0,
        "type":"Geometry"
    },
    "morphTargets":[{
        "name":"animation_000000",
        "vertices":[-0.1,0.3,0.2,-0.1,0.35,0.2,-0.1,0.3,0.1,-0.1,0.35,0.1,-0.06,0.3,0.2,-0.06,0.35,0.2,-0.06,0.3,0.1,-0.06,0.35,0.1,-0.28,0.3,0.2,-0.28,0.35,0.2,-0.28,0.3,0.1,-0.28,0.35,0.1,-0.24,0.3,0.2,-0.24,0.35,0.2,-0.24,0.3,0.1,-0.24,0.35,0.1,0.2,0.3,0.2,0.2,0.35,0.2,0.2,0.3,0.1,0.2,0.35,0.1,0.24,0.3,0.2,0.24,0.35,0.2,0.24,0.3,0.1,0.24,0.35,0.1,0.02,0.3,0.2,0.02,0.35,0.2,0.02,0.3,0.1,0.02,0.35,0.1,0.06,0.3,0.2,0.06,0.35,0.2,0.06,0.3,0.1,0.06,0.35,0.1,0,0,0,0,0,0.3,-0.3,0,0.3,-0.3,-0,-0,0,0.3,0,0,0.3,0.3,-0.3,0.3,0.3,-0.3,0.3,-0,0.3,0,0,0.3,0,0.3,-0,0,0.3,0,-0,-0,0.3,0.3,0,0.3,0.3,0.3,-0,0.3,0.3,0,0.3,-0,-0.3,0,0,-0.3,0,0.3,0.3,0,0.3,0.300001,-0,-0,-0.299999,0.3,0,-0.300001,0.3,0.3,0.299999,0.3,0.3,0.3,0.3,-0]
    },{
        "name":"animation_000001",
        "vertices":[0.9,0.3,0.2,0.9,0.35,0.2,0.9,0.3,0.1,0.9,0.35,0.1,0.94,0.3,0.2,0.94,0.35,0.2,0.94,0.3,0.1,0.94,0.35,0.1,0.72,0.3,0.2,0.72,0.35,0.2,0.72,0.3,0.1,0.72,0.35,0.1,0.76,0.3,0.2,0.76,0.35,0.2,0.76,0.3,0.1,0.76,0.35,0.1,0.2,0.3,0.2,0.2,0.35,0.2,0.2,0.3,0.1,0.2,0.35,0.1,0.24,0.3,0.2,0.24,0.35,0.2,0.24,0.3,0.1,0.24,0.35,0.1,0.02,0.3,0.2,0.02,0.35,0.2,0.02,0.3,0.1,0.02,0.35,0.1,0.06,0.3,0.2,0.06,0.35,0.2,0.06,0.3,0.1,0.06,0.35,0.1,1,0,0,1,0,0.3,0.7,0,0.3,0.7,0,0,1,0.3,-0,1,0.3,0.3,0.7,0.3,0.3,0.7,0.3,-0,0.3,0,0,0.3,0,0.3,-0,0,0.3,0,0,0,0.3,0.3,-0,0.3,0.3,0.3,-0,0.3,0.3,0,0.3,-0,0.7,0,0,0.7,0,0.3,0.3,0,0.3,0.300001,0,0,0.700001,0.3,-0,0.699999,0.3,0.3,0.299999,0.3,0.3,0.3,0.3,-0]
    }]
}