{
    "metadata":{
        "uvs":0,
        "type":"Geometry",
        "morphTargets":2,
        "vertices":24,
        "materials":5,
        "version":3,
        "faces":18,
        "generator":"io_three",
        "normals":11
    },
    "vertices":[0,0,0,0,0,0.3,-0.3,0,0.3,-0.3,-0,-0,0,0.3,0,0,0.3,0.3,-0.3,0.3,0.3,-0.3,0.3,-0,0.3,0,0,0.3,0,0.3,-0,0,0.3,0,-0,-0,0.3,0.3,0,0.3,0.3,0.3,-0,0.3,0.3,0,0.3,-0,-0.3,0,0,-0.3,0,0.3,0.3,0,0.3,0.300001,-0,-0,-0.299999,0.3,0,-0.300001,0.3,0.3,0.299999,0.3,0.3,0.3,0.3,-0],
    "normals":[0.577349,-0.577349,-0.577349,0.577349,-0.577349,0.577349,-0.577349,-0.577349,0.577349,-0.577349,-0.577349,-0.577349,0.577349,0.577349,-0.577349,-0.577349,0.577349,-0.577349,-0.577349,0.577349,0.577349,0.577349,0.577349,0.577349,0.577319,-0.577349,0.577349,-0.577319,-0.577349,-0.577349,0.577349,-0.577349,-0.577319],
    "name":"Cube.001Geometry.3",
    "faces":[35,0,1,2,3,0,0,1,2,3,35,4,7,6,5,1,4,5,6,7,35,0,4,5,1,0,0,4,7,1,35,1,5,6,2,2,1,7,6,2,35,2,6,7,3,0,2,6,5,3,35,4,0,3,7,0,4,0,3,5,35,8,9,10,11,0,0,1,2,3,35,12,15,14,13,3,4,5,6,7,35,8,12,13,9,0,0,4,7,1,35,9,13,14,10,2,1,7,6,2,35,10,14,15,11,0,2,6,5,3,35,12,8,11,15,0,4,0,3,5,35,16,17,18,19,0,7,4,5,6,35,20,23,22,21,4,8,2,9,10,35,16,20,21,17,0,7,8,10,4,35,17,21,22,18,2,4,10,9,5,35,18,22,23,19,0,5,9,2,6,35,20,16,19,23,0,8,7,6,2],
    "uvs":[],
    "morphTargets":[{
        "vertices":[0,0,0,0,0,0.3,-0.3,0,0.3,-0.3,-0,-0,0,0.3,0,0,0.3,0.3,-0.3,0.3,0.3,-0.3,0.3,-0,0.3,0,0,0.3,0,0.3,-0,0,0.3,0,-0,-0,0.3,0.3,0,0.3,0.3,0.3,-0,0.3,0.3,0,0.3,-0,-0.3,0,0,-0.3,0,0.3,0.3,0,0.3,0.300001,-0,-0,-0.299999,0.3,0,-0.300001,0.3,0.3,0.299999,0.3,0.3,0.3,0.3,-0],
        "name":"animation_000000"
    },{
        "vertices":[1,0,0,1,0,0.3,0.7,0,0.3,0.7,-0,-0,1,0.3,0,1,0.3,0.3,0.7,0.3,0.3,0.7,0.3,-0,0.3,0,0,0.3,0,0.3,-0,0,0.3,0,-0,-0,0.3,0.3,0,0.3,0.3,0.3,-0,0.3,0.3,0,0.3,-0,0.7,0,0,0.7,0,0.3,0.3,0,0.3,0.300001,-0,-0,0.700001,0.3,0,0.699999,0.3,0.3,0.299999,0.3,0.3,0.3,0.3,-0],
        "name":"animation_000001"
    }],
    "materials":[{
        "wireframe":false,
        "opacity":1,
        "depthWrite":true,
        "DbgColor":15658734,
        "colorEmissive":[0,0,0],
        "depthTest":true,
        "DbgName":"Material",
        "colorDiffuse":[0.8,0.8,0.8],
        "shading":"lambert",
        "visible":true,
        "transparent":false,
        "blending":"NormalBlending",
        "DbgIndex":0
    },{
        "wireframe":false,
        "opacity":1,
        "depthWrite":true,
        "DbgColor":60928,
        "colorEmissive":[0,0,0],
        "depthTest":true,
        "specularCoef":50,
        "DbgName":"patch_wall2",
        "colorDiffuse":[0,0.64,0.039036],
        "shading":"phong",
        "visible":true,
        "colorSpecular":[0.5,0.5,0.5],
        "transparent":false,
        "blending":"NormalBlending",
        "DbgIndex":2
    },{
        "wireframe":false,
        "opacity":1,
        "depthWrite":true,
        "DbgColor":238,
        "colorEmissive":[0,0,0],
        "depthTest":true,
        "specularCoef":50,
        "DbgName":"patch_floor",
        "colorDiffuse":[0,0.000145,0.8],
        "shading":"phong",
        "visible":true,
        "colorSpecular":[0.5,0.5,0.5],
        "transparent":false,
        "blending":"NormalBlending",
        "DbgIndex":3
    },{
        "wireframe":false,
        "opacity":1,
        "depthWrite":true,
        "DbgColor":15597568,
        "colorEmissive":[0,0,0],
        "depthTest":true,
        "specularCoef":50,
        "DbgName":"patch_wall1",
        "colorDiffuse":[1,0,0],
        "shading":"phong",
        "visible":true,
        "colorSpecular":[0.5,0.5,0.5],
        "transparent":false,
        "blending":"NormalBlending",
        "DbgIndex":1
    },{
        "wireframe":false,
        "opacity":1,
        "depthWrite":true,
        "DbgColor":15658496,
        "colorEmissive":[0,0,0],
        "depthTest":true,
        "specularCoef":50,
        "DbgName":"patch_wall3",
        "colorDiffuse":[0.8,0.152005,0],
        "shading":"phong",
        "visible":true,
        "colorSpecular":[0.5,0.5,0.5],
        "transparent":false,
        "blending":"NormalBlending",
        "DbgIndex":4
    }]
}