{
    "name":"object_2Geometry.4",
    "materials":[{
        "visible":true,
        "depthWrite":true,
        "opacity":1,
        "shading":"phong",
        "DbgColor":15658734,
        "wireframe":false,
        "depthTest":true,
        "colorSpecular":[0.5,0.5,0.5],
        "DbgName":"Material.002",
        "blending":"NormalBlending",
        "DbgIndex":0,
        "colorDiffuse":[0.64,0.259326,0.033418],
        "colorEmissive":[0,0,0],
        "specularCoef":50,
        "transparent":false
    },{
        "visible":true,
        "depthWrite":true,
        "opacity":1,
        "shading":"phong",
        "DbgColor":15597568,
        "wireframe":false,
        "depthTest":true,
        "colorSpecular":[0.5,0.5,0.5],
        "DbgName":"Material.001",
        "blending":"NormalBlending",
        "DbgIndex":1,
        "colorDiffuse":[1,1,1],
        "colorEmissive":[0,0,0],
        "specularCoef":50,
        "transparent":false
    }],
    "faces":[43,0,1,2,3,0,0,1,2,3,0,1,2,3,43,1,4,5,2,0,1,4,5,2,1,4,5,2,43,4,6,7,5,0,4,6,7,5,4,6,7,5,43,6,0,3,7,0,6,8,9,7,6,0,3,7,42,1,0,6,0,10,11,12,1,0,6,42,6,4,1,0,12,13,10,6,4,1,42,2,7,3,0,14,15,16,2,7,3,42,7,2,5,0,15,14,17,7,2,5,43,8,9,10,11,1,18,19,20,21,8,9,9,10,43,11,10,12,13,1,22,23,24,25,10,9,9,11,43,13,12,14,15,1,26,27,28,29,11,9,9,12,43,15,14,9,8,1,30,31,32,33,12,9,9,8,43,14,12,10,9,1,34,35,36,37,9,9,9,9,42,15,8,16,1,38,39,40,12,8,13,42,17,16,8,1,41,40,39,6,13,8,43,13,15,18,19,1,42,38,43,44,11,12,1,0,42,16,18,15,1,40,43,38,13,1,12,43,19,17,11,13,1,44,41,45,42,0,6,10,11,42,8,11,17,1,39,45,41,8,10,6,43,20,21,16,17,1,46,47,48,49,7,5,13,6,43,22,20,17,19,1,50,51,52,0,3,7,6,0,43,23,22,19,18,1,53,54,55,56,2,3,0,1,43,21,23,18,16,1,57,58,59,60,5,2,1,13,43,23,21,20,22,1,4,61,62,63,2,5,7,3],
    "uvs":[[0,0,0.25,0,0.25,0.515151,0,0.515151,0.5,0,0.5,0.515151,0.75,0,0.75,0.515151,1,0,1,0.515151,0.25,1,0,1,0,0.515152,0.25,0.515152,1,0.515152,0.75,1,0.75,0.515152,1,1,0,0.21875,0,0.16875,0.498535,0.16875,0.498535,0.21875,0,0.1625,0,0.1125,0.498535,0.1125,0.498535,0.1625,0,0.33125,0,0.28125,0.498535,0.28125,0.498535,0.33125,0,0.275,0,0.225,0.498535,0.225,0.498535,0.275,0,0.3375,0,0.8375,0.498535,0.8375,0.498535,0.3375,0.5,0.4,0.998535,0.4,0.948682,0.449854,0.948682,0.848682,0.5,0.898535,0.549854,0.449854,0.549854,0.848682,0.998535,0.898535,0,0.053125,0.4,0.053125,0.4,0.028125,0,0.028125,0,0.025,0.4,0.025,0.4,0,0,0.08125,0.4,0.08125,0.4,0.05625,0,0.05625,0,0.109375,0.4,0.109375,0.4,0.084375,0,0.084375,0.9,0,0.9,0.398535,0.5,0.398535]],
    "metadata":{
        "generator":"io_three",
        "uvs":1,
        "normals":14,
        "vertices":24,
        "type":"Geometry",
        "materials":2,
        "morphTargets":3,
        "version":3,
        "faces":24
    },
    "normals":[0.577349,-0.577349,-0.577349,-0.577349,-0.577349,-0.577349,-0.577349,0.577349,-0.577349,0.577349,0.577349,-0.577349,-0.577349,-0.577349,0.577349,-0.577349,0.577349,0.577349,0.577349,-0.577349,0.577349,0.577349,0.577349,0.577349,0.138005,-0.204505,0.969054,0,0,1,0,-0.242531,0.970122,0,-0.894406,0.447188,0.246773,-0.731437,0.635639,-0.577258,-0.577319,0.577441],
    "vertices":[0.1,0.05,-0.1,-0.1,0.05,-0.1,-0.1,0.1,-0.1,0.1,0.1,-0.1,-0.1,0.05,0.1,-0.1,0.1,0.1,0.1,0.05,0.1,0.1,0.1,0.1,0,0.1,0,0,0,0,0,0,0,0,0.1,0,0,0,0,0,0.1,0,0,0,0,0,0.1,0,0.1,0.1,-0.1,-0.1,0.1,-0.1,0.1,0.1,0.1,-0.1,0.1,0.1,-0.1,0.05,-0.1,0.1,0.05,-0.1,-0.1,0.05,0.1,0.1,0.05,0.1],
    "morphTargets":[{
        "name":"animation_000000",
        "vertices":[0.1,0.05,-0.1,-0.1,0.05,-0.1,-0.1,0.1,-0.1,0.1,0.1,-0.1,-0.1,0.05,0.1,-0.1,0.1,0.1,0.1,0.05,0.1,0.1,0.1,0.1,0,0.1,0,0,0,0,0,0,0,0,0.1,0,0,0,0,0,0.1,0,0,0,0,0,0.1,0,0.1,0.1,-0.1,-0.1,0.1,-0.1,0.1,0.1,0.1,-0.1,0.1,0.1,-0.1,0.05,-0.1,0.1,0.05,-0.1,-0.1,0.05,0.1,0.1,0.05,0.1]
    },{
        "name":"animation_000001",
        "vertices":[0.1,0.05,2.4,-0.1,0.05,2.4,-0.1,0.1,2.4,0.1,0.1,2.4,-0.1,0.05,-2.4,-0.1,0.1,-2.4,0.1,0.05,-2.4,0.1,0.1,-2.4,0,0.1,2.5,0,0,2.5,0,0,2.5,0,0.1,2.5,0,0,-2.5,0,0.1,-2.5,0,0,-2.5,0,0.1,-2.5,0.1,0.1,2.4,-0.1,0.1,2.4,0.1,0.1,-2.4,-0.1,0.1,-2.4,-0.1,0.05,2.4,0.1,0.05,2.4,-0.1,0.05,-2.4,0.1,0.05,-2.4]
    },{
        "name":"animation_000002",
        "vertices":[-2.4,0.05,-0.1,2.4,0.05,-0.1,2.4,0.1,-0.1,-2.4,0.1,-0.1,2.4,0.05,0.1,2.4,0.1,0.1,-2.4,0.05,0.1,-2.4,0.1,0.1,-2.5,0.1,0,-2.5,0,0,2.5,0,0,2.5,0.1,0,2.5,0,0,2.5,0.1,0,-2.5,0,0,-2.5,0.1,0,-2.4,0.1,-0.1,2.4,0.1,-0.1,-2.4,0.1,0.1,2.4,0.1,0.1,2.4,0.05,-0.1,-2.4,0.05,-0.1,2.4,0.05,0.1,-2.4,0.05,0.1]
    }]
}