{
    "uvs":[[0,0.21875,0,0.16875,0.498535,0.16875,0.498535,0.21875,0,0.1625,0,0.1125,0.498535,0.1125,0.498535,0.1625,0,0.33125,0,0.28125,0.498535,0.28125,0.498535,0.33125,0,0.275,0,0.225,0.498535,0.225,0.498535,0.275,0,0.3375,0,0.8375,0.498535,0.8375,0.498535,0.3375,0.5,0.4,0.998535,0.4,0.948682,0.449854,0.948682,0.848682,0.5,0.898535,0.549854,0.449854,0.549854,0.848682,0.998535,0.898535,0,0.053125,0.4,0.053125,0.4,0.028125,0,0.028125,0,0.025,0.4,0.025,0.4,0,0,0,0,0.08125,0.4,0.08125,0.4,0.05625,0,0.05625,0,0.109375,0.4,0.109375,0.4,0.084375,0,0.084375,0.5,0,0.9,0,0.9,0.398535,0.5,0.398535,0.25,0,0.25,0.515151,0,0.515151,0.5,0.515151,0.75,0,0.75,0.515151,1,0,1,0.515151,0.25,1,0,1,0,0.515152,0.25,0.515152,1,0.515152,0.75,1,0.75,0.515152,1,1]],
    "name":"object_1Geometry.8",
    "vertices":[0,0.1,-0,0,0,0,0,0,0,0,0.1,-0,0,0,-0,0,0.1,-0,0,0,-0,0,0.1,-0,0.1,0.1,-0.1,-0.1,0.1,-0.1,0.1,0.1,0.1,-0.1,0.1,0.1,-0.1,0.05,-0.1,0.1,0.05,-0.1,-0.1,0.05,0.1,0.1,0.05,0.1,0.105,0.05,-0.105,-0.105,0.05,-0.105,-0.105,0.1,-0.105,0.105,0.1,-0.105,-0.105,0.05,0.105,-0.105,0.1,0.105,0.105,0.05,0.105,0.105,0.1,0.105],
    "materials":[{
        "DbgIndex":0,
        "DbgName":"Material.001",
        "opacity":1,
        "visible":true,
        "wireframe":false,
        "transparent":false,
        "colorEmissive":[0,0,0],
        "colorSpecular":[0.5,0.5,0.5],
        "depthTest":true,
        "depthWrite":true,
        "shading":"phong",
        "blending":"NormalBlending",
        "colorDiffuse":[1,1,1],
        "DbgColor":15658734,
        "specularCoef":50
    },{
        "DbgIndex":2,
        "DbgName":"Material",
        "opacity":1,
        "visible":true,
        "wireframe":false,
        "transparent":false,
        "colorEmissive":[0,0,0],
        "depthTest":true,
        "depthWrite":true,
        "shading":"lambert",
        "blending":"NormalBlending",
        "colorDiffuse":[0.020379,0.020379,0.020379],
        "DbgColor":60928
    },{
        "DbgIndex":1,
        "DbgName":"Material.002",
        "opacity":1,
        "visible":true,
        "wireframe":false,
        "transparent":false,
        "colorEmissive":[0,0,0],
        "colorSpecular":[0.5,0.5,0.5],
        "depthTest":true,
        "depthWrite":true,
        "shading":"phong",
        "blending":"NormalBlending",
        "colorDiffuse":[0.64,0.259326,0.033418],
        "DbgColor":15597568,
        "specularCoef":50
    }],
    "normals":[0.689871,-0.252724,0.678335,0,0,1,-0.666646,-0.333323,0.666646,-0.707083,0,0.707083,0,-0.894406,0.447188,0.707083,0,0.707083,0.268746,-0.736808,0.62035,-0.577258,-0.577349,0.57741,0.577349,-0.577349,0.577349,-0.577349,-0.577349,-0.577349,0.577349,-0.577349,-0.577349,0.577349,0.577349,0.577349,-0.577349,0.577349,0.577349,0.577349,0.577349,-0.577349,-0.577349,0.577349,-0.577349,-0.577349,-0.577349,0.577349],
    "morphTargets":[{
        "name":"animation_000000",
        "vertices":[0,0.1,-0,0,0,0,0,0,0,0,0.1,-0,0,0,-0,0,0.1,-0,0,0,-0,0,0.1,-0,0.1,0.1,-0.1,-0.1,0.1,-0.1,0.1,0.1,0.1,-0.1,0.1,0.1,-0.1,0.05,-0.1,0.1,0.05,-0.1,-0.1,0.05,0.1,0.1,0.05,0.1,0.105,0.05,-0.105,-0.105,0.05,-0.105,-0.105,0.1,-0.105,0.105,0.1,-0.105,-0.105,0.05,0.105,-0.105,0.1,0.105,0.105,0.05,0.105,0.105,0.1,0.105]
    },{
        "name":"animation_000001",
        "vertices":[-0.5,0.1,-0,-0.5,0,0,0.5,0,0,0.5,0.1,-0,0.5,0,-0,0.5,0.1,-0,-0.5,0,-0,-0.5,0.1,-0,-0.4,0.1,-0.1,0.4,0.1,-0.1,-0.4,0.1,0.1,0.4,0.1,0.1,0.4,0.05,-0.1,-0.4,0.05,-0.1,0.4,0.05,0.1,-0.4,0.05,0.1,-0.395,0.05,-0.105,0.395,0.05,-0.105,0.395,0.1,-0.105,-0.395,0.1,-0.105,0.395,0.05,0.105,0.395,0.1,0.105,-0.395,0.05,0.105,-0.395,0.1,0.105]
    },{
        "name":"animation_000002",
        "vertices":[0,0.1,0.5,0,0,0.5,0,0,0.5,0,0.1,0.5,0,0,-0.5,0,0.1,-0.5,0,0,-0.5,0,0.1,-0.5,0.1,0.1,0.4,-0.1,0.1,0.4,0.1,0.1,-0.4,-0.1,0.1,-0.4,-0.1,0.05,0.4,0.1,0.05,0.4,-0.1,0.05,-0.4,0.1,0.05,-0.4,0.105,0.05,0.395,-0.105,0.05,0.395,-0.105,0.1,0.395,0.105,0.1,0.395,-0.105,0.05,-0.395,-0.105,0.1,-0.395,0.105,0.05,-0.395,0.105,0.1,-0.395]
    }],
    "metadata":{
        "uvs":1,
        "vertices":24,
        "version":3,
        "materials":3,
        "generator":"io_three",
        "faces":24,
        "type":"Geometry",
        "morphTargets":3,
        "normals":16
    },
    "faces":[43,0,1,2,3,0,0,1,2,3,0,1,1,2,43,3,2,4,5,0,4,5,6,7,2,1,3,4,43,5,4,6,7,0,8,9,10,11,4,3,5,6,43,1,0,7,6,0,14,15,12,13,1,0,6,5,43,6,4,2,1,0,16,17,18,19,5,3,1,1,42,7,0,8,1,20,21,22,6,0,7,42,9,8,0,0,23,22,21,8,7,0,43,5,7,10,11,1,24,20,25,26,4,6,9,10,42,8,10,7,1,22,25,20,7,9,6,43,11,9,3,5,1,26,23,27,24,10,8,2,4,42,0,3,9,0,21,27,23,0,2,8,43,12,13,8,9,1,28,29,30,31,11,12,7,8,43,14,12,9,11,1,32,33,34,35,13,11,8,10,43,15,14,11,10,1,36,37,38,39,14,13,10,9,43,13,15,10,8,1,40,41,42,43,12,14,9,7,43,15,13,12,14,1,44,45,46,47,14,12,11,13,43,16,17,18,19,1,35,48,49,50,10,9,14,13,43,17,20,21,18,1,48,44,51,49,9,15,12,14,43,20,22,23,21,1,44,52,53,51,15,8,11,12,43,22,16,19,23,1,52,54,55,53,8,10,13,11,42,17,16,22,2,56,57,58,9,10,8,42,22,20,17,2,58,59,56,8,15,9,42,18,23,19,2,60,61,62,14,11,13,42,23,18,21,2,61,60,63,11,14,12]
}