{
    "uvs":[],
    "faces":[35,0,1,2,3,0,0,1,2,3,35,4,7,6,5,0,4,5,6,7,35,0,4,5,1,0,0,4,7,1,35,1,5,6,2,0,1,7,6,2,35,2,6,7,3,0,2,6,5,3,35,4,0,3,7,0,4,0,3,5,35,8,9,10,11,0,0,1,2,3,35,12,15,14,13,0,4,5,6,7,35,8,12,13,9,0,0,4,7,1,35,9,13,14,10,0,1,7,6,2,35,10,14,15,11,0,2,6,5,3,35,12,8,11,15,0,4,0,3,5,35,16,17,18,19,0,0,1,2,8,35,20,23,22,21,0,9,5,6,10,35,16,20,21,17,0,0,9,10,1,35,17,21,22,18,0,1,10,6,2,35,18,22,23,19,0,2,6,5,8,35,20,16,19,23,0,9,0,8,5],
    "materials":[{
        "DbgIndex":0,
        "depthWrite":true,
        "visible":true,
        "transparent":false,
        "colorDiffuse":[0.8,0.8,0.8],
        "colorEmissive":[0,0,0],
        "opacity":1,
        "shading":"lambert",
        "DbgName":"Material",
        "wireframe":false,
        "depthTest":true,
        "DbgColor":15658734,
        "blending":"NormalBlending"
    }],
    "name":"Cube.001Geometry.780",
    "normals":[0.577349,-0.577349,-0.577349,0.577349,-0.577349,0.577349,-0.577349,-0.577349,0.577349,-0.577349,-0.577349,-0.577349,0.577349,0.577349,-0.577349,-0.577349,0.577349,-0.577349,-0.577349,0.577349,0.577349,0.577349,0.577349,0.577349,-0.577319,-0.577349,-0.577349,0.577349,0.577349,-0.577319,0.577319,0.577349,0.577349],
    "metadata":{
        "faces":18,
        "uvs":0,
        "materials":1,
        "version":3,
        "type":"Geometry",
        "generator":"io_three",
        "normals":11,
        "morphTargets":2,
        "vertices":24
    },
    "morphTargets":[{
        "name":"animation_000000",
        "vertices":[0,0,0,0,0,0.3,-0.2,0,0.3,-0.2,-0,-0,0,0.3,0,0,0.3,0.3,-0.2,0.3,0.3,-0.2,0.3,-0,0.2,0,0,0.2,0,0.3,-0,0,0.3,0,-0,-0,0.2,0.3,0,0.2,0.3,0.3,-0,0.3,0.3,0,0.3,-0,-0.2,0,0,-0.2,0,0.3,0.2,0,0.3,0.200001,-0,-0,-0.199999,0.3,0,-0.200001,0.3,0.3,0.199999,0.3,0.3,0.2,0.3,-0]
    },{
        "name":"animation_000001",
        "vertices":[1,0,0,1,0,0.3,0.8,0,0.3,0.8,-0,-0,1,0.3,0,1,0.3,0.3,0.8,0.3,0.3,0.8,0.3,-0,0.2,0,0,0.2,0,0.3,-0,0,0.3,0,-0,-0,0.2,0.3,0,0.2,0.3,0.3,-0,0.3,0.3,0,0.3,-0,0.8,0,0,0.8,0,0.3,0.2,0,0.3,0.200001,-0,-0,0.800001,0.3,0,0.799999,0.3,0.3,0.199999,0.3,0.3,0.2,0.3,-0]
    }],
    "vertices":[1,0,0,1,0,0.3,0.8,0,0.3,0.8,-0,-0,1,0.3,0,1,0.3,0.3,0.8,0.3,0.3,0.8,0.3,-0,0.2,0,0,0.2,0,0.3,-0,0,0.3,0,-0,-0,0.2,0.3,0,0.2,0.3,0.3,-0,0.3,0.3,0,0.3,-0,0.8,0,0,0.8,0,0.3,0.2,0,0.3,0.200001,-0,-0,0.800001,0.3,0,0.799999,0.3,0.3,0.199999,0.3,0.3,0.2,0.3,-0]
}