{
    "uvs":[[0,0,0.41098,0,0.41098,1,0,1,0.471064,0,0.471064,1,0.882044,0,0.882044,1,0.942129,0,0.942129,1,1,0,1,0.182418,0.94213,0.182418,0.94213,0,1,1,0.94213,0.817582,1,0.817582,0.94213,1,0.765596,0.958393,0.725628,0,0.765596,0.040142,0.976425,0,0.936457,0.958393,0.976425,0.998535,0.725628,0.998535,0.936457,0.040142,0,0.998535,0.048786,0,0.048786,0.998535,0.222111,0.998535,0.222111,0,0.472907,0,0.472907,0.998535,0.675377,0.998535,0.675377,0,0.724163,0,0.724163,0.998535,0.574874,0,0.574874,0.252261,0.623661,0.252261,0.623661,0,0.524623,0,0.57341,0,0.57341,0.252261,0.524623,0.252261,0.499497,0,0.499497,0.171859,0.523158,0.171859,0.523158,0,0.650251,0,0.650251,0.919598,0.673912,0.919598,0.673912,0,0.474372,0,0.474372,0.171859,0.498033,0.171859,0.498033,0,0.625126,0,0.625126,0.919598,0.648786,0.919598,0.648786,0,0.050251,0.919598,0.050251,0,0.220646,0,0.220646,0.919598]],
    "name":"object_1Geometry.3",
    "vertices":[0.211,0.045,-0,0.045,0.045,0,0.045,-0.045,-0,0.211,-0.045,-0,0.045,0.045,0.025,0.045,-0.045,0.025,0.211,0.045,0.025,0.211,-0.045,0.025,0.2135,-0.0425,-0,0.2535,0.0025,-0,0.2135,0.0425,-0,0.0025,0.0025,0,0.0425,-0.0425,-0,0.0025,-0.0025,-0,0.2535,-0.0025,-0,0.0425,0.0425,0,0.0025,0.0025,0.05,0.0025,-0.0025,0.05,0.2535,0.0025,0.05,0.2535,-0.0025,0.05,0.0425,0.0425,0.025,0.2135,0.0425,0.025,0.0425,-0.0425,0.025,0.2135,-0.0425,0.025],
    "materials":[{
        "DbgIndex":0,
        "DbgName":"Material.002",
        "opacity":1,
        "visible":true,
        "wireframe":false,
        "transparent":false,
        "colorEmissive":[0,0,0],
        "colorSpecular":[0.5,0.5,0.5],
        "depthTest":true,
        "depthWrite":true,
        "shading":"phong",
        "blending":"NormalBlending",
        "colorDiffuse":[0.031743,0.031743,0.031743],
        "DbgColor":15658734,
        "specularCoef":50
    },{
        "DbgIndex":1,
        "DbgName":"Material.001",
        "opacity":1,
        "visible":true,
        "wireframe":false,
        "transparent":false,
        "colorEmissive":[0,0,0],
        "depthTest":true,
        "depthWrite":true,
        "shading":"lambert",
        "blending":"NormalBlending",
        "colorDiffuse":[0.64,0.64,0.64],
        "DbgColor":15597568
    }],
    "normals":[-0.577349,-0.577349,0.577349,0.577349,-0.577349,0.577349,0.577349,0.577349,0.577349,-0.577349,0.577349,0.577349,0.577349,-0.577349,-0.577349,0.577349,0.577349,-0.577349,-0.577349,-0.577349,-0.577349,-0.577349,0.577349,-0.577349,-0.577349,-0.577349,0.577319,0.577349,-0.577349,0.577319,0.577319,0.577319,0.577349,-0.577319,0.577319,0.577349,0.577319,-0.577319,-0.577349,0.577349,0.577349,-0.577319,-0.577349,-0.577319,-0.577349,-0.577349,0.577349,-0.577319],
    "morphTargets":[{
        "name":"animation_000000",
        "vertices":[0.211,0.045,-0,0.045,0.045,0,0.045,-0.045,-0,0.211,-0.045,-0,0.045,0.045,0.025,0.045,-0.045,0.025,0.211,0.045,0.025,0.211,-0.045,0.025,0.2135,-0.0425,-0,0.2535,0.0025,-0,0.2135,0.0425,-0,0.0025,0.0025,0,0.0425,-0.0425,-0,0.0025,-0.0025,-0,0.2535,-0.0025,-0,0.0425,0.0425,0,0.0025,0.0025,0.05,0.0025,-0.0025,0.05,0.2535,0.0025,0.05,0.2535,-0.0025,0.05,0.0425,0.0425,0.025,0.2135,0.0425,0.025,0.0425,-0.0425,0.025,0.2135,-0.0425,0.025]
    },{
        "name":"animation_000001",
        "vertices":[0.211,0.045,-0,0.045,0.045,0,0.045,0.955,-0,0.211,0.955,-0,0.045,0.045,0.025,0.045,0.955,0.025,0.211,0.045,0.025,0.211,0.955,0.025,0.2135,0.9575,-0,0.2535,0.0025,-0,0.2135,0.0425,-0,0.0025,0.0025,0,0.0425,0.9575,-0,0.0025,0.9975,-0,0.2535,0.9975,-0,0.0425,0.0425,0,0.0025,0.0025,0.05,0.0025,0.9975,0.05,0.2535,0.0025,0.05,0.2535,0.9975,0.05,0.0425,0.0425,0.025,0.2135,0.0425,0.025,0.0425,0.9575,0.025,0.2135,0.9575,0.025]
    }],
    "metadata":{
        "uvs":1,
        "vertices":24,
        "version":3,
        "materials":2,
        "generator":"io_three",
        "faces":25,
        "type":"Geometry",
        "morphTargets":2,
        "normals":16
    },
    "faces":[43,0,1,2,3,0,0,1,2,3,0,1,2,3,43,1,4,5,2,0,1,4,5,2,1,4,5,2,43,4,6,7,5,0,4,6,7,5,4,6,7,5,43,6,0,3,7,0,6,8,9,7,6,0,3,7,42,1,0,6,0,10,11,12,1,0,6,42,6,4,1,0,12,13,10,6,4,1,42,2,7,3,0,14,15,16,2,7,3,42,7,2,5,0,15,14,17,7,2,5,42,8,9,10,1,18,19,20,4,8,5,42,11,10,9,1,21,20,19,9,5,8,43,8,12,13,14,1,18,22,23,24,4,6,10,11,42,9,8,14,1,19,18,24,8,4,11,42,12,15,11,1,22,25,21,6,7,9,42,10,11,15,1,20,21,25,5,9,7,42,11,13,12,1,21,23,22,9,10,6,43,13,11,16,17,1,26,0,27,28,10,9,12,13,43,17,16,18,19,1,29,30,31,32,13,12,14,15,43,19,18,9,14,1,33,34,35,36,15,14,8,11,43,18,16,11,9,1,37,38,39,40,14,12,9,8,43,19,14,13,17,1,41,42,43,44,15,11,10,13,43,20,21,10,15,1,45,46,47,48,3,2,5,7,43,22,20,15,12,1,49,50,51,52,0,3,7,6,43,23,22,12,8,1,53,54,55,56,1,0,6,4,43,21,23,8,10,1,57,58,59,60,2,1,4,5,43,23,21,20,22,1,61,62,63,64,1,2,3,0]
}