{
    "vertices":[0.028,0.55,0.04,0.028,0.55,0.01,0.028,0.05,0.04,0.028,0.05,0.01,0.228,0.55,0.04,0.228,0.55,0.01,0.228,0.05,0.04,0.228,0.05,0.01,0.256,0.0025,0.05,0.2535,0.6675,0.05,0.0025,0.6675,0.05,0.0025,-0,0.05,0.2535,0.0025,0,0.2535,0.6675,-0,0.0025,0.6675,-0,0.0025,0.0025,0,0.0512,0.1,-0,0.064,0.07,0,0.042149,0.048787,0,0.054949,0.078787,0,0.0665,0.07,0.0275,0.0537,0.1,0.0275,0.057449,0.078787,0.0275,0.192,0.07,0,0.2048,0.1,0,0.213851,0.048787,0,0.201051,0.078787,0,0.2048,0.5,-0,0.192,0.53,-0,0.213851,0.551213,-0,0.201051,0.521213,-0,0.064,0.53,-0,0.0512,0.5,-0,0.042149,0.551213,-0,0.054949,0.521213,-0,0.2073,0.1,0.0275,0.1945,0.07,0.0275,0.203551,0.078787,0.0275,0.1945,0.53,0.0275,0.2073,0.5,0.0275,0.203551,0.521213,0.0275,0.0537,0.5,0.0275,0.0665,0.53,0.0275,0.057449,0.521213,0.0275],
    "faces":[35,2,0,1,3,0,0,1,2,3,35,3,7,6,2,0,3,4,5,0,35,7,5,4,6,0,4,6,7,5,35,0,4,5,1,0,1,7,6,2,35,0,2,6,4,0,1,0,5,7,35,5,7,3,1,0,6,4,3,2,35,8,9,10,11,1,8,9,1,10,34,35,40,39,1,11,12,13,34,42,38,40,1,14,15,12,34,41,43,42,1,16,17,14,34,22,21,41,1,18,19,16,34,36,20,22,1,20,21,18,34,35,37,36,1,11,22,20,34,35,42,40,1,11,14,12,34,22,41,42,1,18,16,14,34,35,36,22,1,11,20,18,34,35,22,42,1,11,18,14,35,8,12,13,9,1,8,23,24,9,35,9,13,14,10,1,9,24,2,1,35,10,14,15,11,1,1,2,25,10,35,12,8,11,15,1,23,8,10,25,34,18,12,15,1,26,23,25,34,23,25,12,1,27,26,23,34,18,17,23,1,26,28,27,34,18,23,12,1,26,27,23,34,33,15,14,1,26,25,2,34,16,18,15,1,29,26,25,34,33,32,16,1,26,30,29,34,33,16,15,1,26,29,25,35,31,28,38,42,1,31,32,15,14,34,29,14,13,1,33,2,24,34,31,33,14,1,31,26,2,34,29,28,31,1,33,32,31,34,29,31,14,1,33,31,2,35,16,32,41,21,1,29,30,16,19,35,23,17,20,36,1,27,28,21,20,34,16,19,18,1,29,34,26,34,19,17,18,1,34,28,26,35,20,17,19,22,1,21,28,34,18,35,22,19,16,21,1,18,34,29,19,35,27,24,35,39,1,35,36,11,13,34,23,26,25,1,27,37,26,34,26,24,25,1,37,36,26,34,27,30,29,1,35,38,33,34,30,28,29,1,38,32,33,34,31,34,33,1,31,39,26,34,34,32,33,1,39,30,26,35,31,42,43,34,1,31,14,17,39,35,34,43,41,32,1,39,17,16,30,35,27,39,40,30,1,35,13,12,38,35,30,40,38,28,1,38,12,15,32,35,35,24,26,37,1,11,36,37,22,35,37,26,23,36,1,22,37,27,20,34,25,13,12,1,26,24,23,34,27,29,13,1,35,33,24,34,25,24,27,1,26,36,35,34,25,27,13,1,26,35,24],
    "normals":[-0.577349,-0.577349,0.577349,-0.577349,0.577349,0.577349,-0.577349,0.577349,-0.577349,-0.577349,-0.577349,-0.577349,0.577349,-0.577349,-0.577349,0.577349,-0.577349,0.577349,0.577349,0.577349,-0.577349,0.577349,0.577349,0.577349,0.594592,-0.571886,0.565111,0.581195,0.582476,0.568224,-0.569079,-0.590442,0.572253,-0.753044,0.065676,-0.654653,-0.700583,-0.364238,-0.613575,-0.753044,-0.065676,-0.654653,0.273171,-0.714957,-0.643574,-0.309885,-0.722556,-0.617939,0.691244,-0.060915,-0.720023,0.650075,-0.351817,-0.673482,0.650075,0.351817,-0.673482,0.691244,0.060915,-0.720023,-0.309885,0.722556,-0.617939,0.273171,0.714957,-0.643574,-0.700583,0.364238,-0.613575,0.563982,-0.577899,-0.589862,0.572039,0.573321,-0.586535,-0.582751,-0.567339,-0.581774,0,0,-1,-0.217444,0.56914,-0.792932,0.229957,0.536241,-0.812098,0.650472,0.056734,-0.757378,0.650472,-0.056734,-0.757378,0.229957,-0.536241,-0.812098,-0.217444,-0.56914,-0.792932,0,0,-0.999969,0.5244,0.272652,-0.806604,-0.715659,-0.063051,-0.695578,-0.715659,0.063051,-0.695578,-0.572985,0.310099,-0.758599,-0.572985,-0.310099,-0.758599,0.5244,-0.272652,-0.806604],
    "materials":[{
        "blending":"NormalBlending",
        "visible":true,
        "depthTest":true,
        "shading":"lambert",
        "wireframe":false,
        "depthWrite":true,
        "DbgIndex":0,
        "transparent":false,
        "colorEmissive":[0,0,0],
        "opacity":1,
        "colorDiffuse":[0.005605,0.005605,0.005605],
        "DbgName":"Material.002",
        "DbgColor":15658734
    },{
        "blending":"NormalBlending",
        "visible":true,
        "depthTest":true,
        "shading":"lambert",
        "wireframe":false,
        "depthWrite":true,
        "DbgIndex":1,
        "transparent":false,
        "colorEmissive":[0,0,0],
        "opacity":1,
        "colorDiffuse":[0.8,0.8,0.8],
        "DbgName":"Material",
        "DbgColor":15597568
    }],
    "metadata":{
        "generator":"io_three",
        "normals":40,
        "materials":2,
        "type":"Geometry",
        "vertices":44,
        "version":3,
        "faces":57,
        "morphTargets":2,
        "uvs":0
    },
    "morphTargets":[{
        "vertices":[0.028,0.55,0.04,0.028,0.55,0.01,0.028,0.05,0.04,0.028,0.05,0.01,0.228,0.55,0.04,0.228,0.55,0.01,0.228,0.05,0.04,0.228,0.05,0.01,0.256,0.0025,0.05,0.2535,0.6675,0.05,0.0025,0.6675,0.05,0.0025,-0,0.05,0.2535,0.0025,0,0.2535,0.6675,-0,0.0025,0.6675,-0,0.0025,0.0025,0,0.0512,0.1,-0,0.064,0.07,0,0.042149,0.048787,0,0.054949,0.078787,0,0.0665,0.07,0.0275,0.0537,0.1,0.0275,0.057449,0.078787,0.0275,0.192,0.07,0,0.2048,0.1,0,0.213851,0.048787,0,0.201051,0.078787,0,0.2048,0.5,-0,0.192,0.53,-0,0.213851,0.551213,-0,0.201051,0.521213,-0,0.064,0.53,-0,0.0512,0.5,-0,0.042149,0.551213,-0,0.054949,0.521213,-0,0.2073,0.1,0.0275,0.1945,0.07,0.0275,0.203551,0.078787,0.0275,0.1945,0.53,0.0275,0.2073,0.5,0.0275,0.203551,0.521213,0.0275,0.0537,0.5,0.0275,0.0665,0.53,0.0275,0.057449,0.521213,0.0275],
        "name":"animation_000000"
    },{
        "vertices":[0.028,0.55,0.04,0.028,0.55,0.01,0.028,0.05,0.04,0.028,0.05,0.01,0.228,0.55,0.04,0.228,0.55,0.01,0.228,0.05,0.04,0.228,0.05,0.01,0.256,0.0025,0.05,0.2535,0.775312,0.05,0.0025,0.775312,0.05,0.0025,-0,0.05,0.2535,0.0025,0,0.2535,0.775312,-0,0.0025,0.775312,-0,0.0025,0.0025,0,0.0512,0.1,-0,0.064,0.07,0,0.042149,0.048787,0,0.054949,0.078787,0,0.0665,0.07,0.0275,0.0537,0.1,0.0275,0.057449,0.078787,0.0275,0.192,0.07,0,0.2048,0.1,0,0.213851,0.048787,0,0.201051,0.078787,0,0.2048,0.5,-0,0.192,0.53,-0,0.213851,0.551213,-0,0.201051,0.521213,-0,0.064,0.53,-0,0.0512,0.5,-0,0.042149,0.551213,-0,0.054949,0.521213,-0,0.2073,0.1,0.0275,0.1945,0.07,0.0275,0.203551,0.078787,0.0275,0.1945,0.53,0.0275,0.2073,0.5,0.0275,0.203551,0.521213,0.0275,0.0537,0.5,0.0275,0.0665,0.53,0.0275,0.057449,0.521213,0.0275],
        "name":"animation_000001"
    }],
    "name":"Cube.002Geometry.6",
    "uvs":[]
}