{
    "faces":[35,2,0,1,3,0,0,1,2,3,35,3,7,6,2,0,3,4,5,0,35,7,5,4,6,0,4,6,7,5,35,0,4,5,1,0,1,7,6,2,35,0,2,6,4,0,1,0,5,7,35,5,7,3,1,0,6,4,3,2,35,8,9,10,11,1,8,9,1,0,34,35,40,39,1,10,11,12,34,42,38,40,1,13,14,11,34,41,43,42,1,15,16,13,34,22,21,41,1,17,18,15,34,36,20,22,1,19,20,17,34,35,37,36,1,10,21,19,34,35,42,40,1,10,13,11,34,22,41,42,1,17,15,13,34,35,36,22,1,10,19,17,34,35,22,42,1,10,17,13,35,8,12,13,9,1,8,22,23,9,35,9,13,14,10,1,9,23,2,1,35,10,14,15,11,1,1,2,3,0,35,12,8,11,15,1,22,8,0,3,34,18,12,15,1,24,22,3,34,23,25,12,1,25,26,22,34,18,17,23,1,24,27,25,34,18,23,12,1,24,25,22,34,33,15,14,1,24,3,2,34,16,18,15,1,28,24,3,34,33,32,16,1,24,29,28,34,33,16,15,1,24,28,3,35,31,28,38,42,1,30,31,14,13,34,29,14,13,1,26,2,23,34,31,33,14,1,30,24,2,34,29,28,31,1,26,31,30,34,29,31,14,1,26,30,2,35,16,32,41,21,1,28,29,15,18,35,23,17,20,36,1,25,27,20,19,34,16,19,18,1,28,32,24,34,19,17,18,1,32,27,24,35,20,17,19,22,1,20,27,32,17,35,22,19,16,21,1,17,32,28,18,35,27,24,35,39,1,33,34,10,12,34,23,26,25,1,25,35,26,34,26,24,25,1,35,34,26,34,27,30,29,1,33,36,26,34,30,28,29,1,36,31,26,34,31,34,33,1,30,37,24,34,34,32,33,1,37,29,24,35,31,42,43,34,1,30,13,16,37,35,34,43,41,32,1,37,16,15,29,35,27,39,40,30,1,33,12,11,36,35,30,40,38,28,1,36,11,14,31,35,35,24,26,37,1,10,34,35,21,35,37,26,23,36,1,21,35,25,19,34,25,13,12,1,26,23,22,34,27,29,13,1,33,26,23,34,25,24,27,1,26,34,33,34,25,27,13,1,26,33,23],
    "name":"Cube.002Geometry.7",
    "metadata":{
        "type":"Geometry",
        "materials":2,
        "vertices":44,
        "faces":57,
        "generator":"io_three",
        "normals":38,
        "uvs":0,
        "version":3
    },
    "materials":[{
        "depthWrite":true,
        "opacity":1,
        "transparent":false,
        "colorDiffuse":[0.005605,0.005605,0.005605],
        "visible":true,
        "wireframe":false,
        "shading":"lambert",
        "DbgIndex":0,
        "colorEmissive":[0,0,0],
        "DbgColor":15658734,
        "blending":"NormalBlending",
        "DbgName":"Material.002",
        "depthTest":true
    },{
        "depthWrite":true,
        "opacity":1,
        "transparent":false,
        "colorDiffuse":[0.64,0.64,0.64],
        "visible":true,
        "wireframe":false,
        "shading":"lambert",
        "DbgIndex":1,
        "colorEmissive":[0,0,0],
        "DbgColor":15597568,
        "blending":"NormalBlending",
        "DbgName":"Material",
        "depthTest":true
    }],
    "uvs":[],
    "vertices":[0.028,0.55,0.04,0.028,0.55,0.01,0.028,0.05,0.04,0.028,0.05,0.01,0.228,0.55,0.04,0.228,0.55,0.01,0.228,0.05,0.04,0.228,0.05,0.01,0.256,0,0.05,0.2535,0.6,0.05,0.0025,0.6,0.05,0.0025,-0,0.05,0.2535,0,0,0.2535,0.6,-0,0.0025,0.6,-0,0.0025,-0,0,0.0512,0.1,-0,0.064,0.07,0,0.042149,0.048787,0,0.054949,0.078787,0,0.0665,0.07,0.0275,0.0537,0.1,0.0275,0.057449,0.078787,0.0275,0.192,0.07,0,0.2048,0.1,0,0.213851,0.048787,0,0.201051,0.078787,0,0.2048,0.5,-0,0.192,0.53,-0,0.213851,0.551213,-0,0.201051,0.521213,-0,0.064,0.53,-0,0.0512,0.5,-0,0.042149,0.551213,-0,0.054949,0.521213,-0,0.2073,0.1,0.0275,0.1945,0.07,0.0275,0.203551,0.078787,0.0275,0.1945,0.53,0.0275,0.2073,0.5,0.0275,0.203551,0.521213,0.0275,0.0537,0.5,0.0275,0.0665,0.53,0.0275,0.057449,0.521213,0.0275],
    "normals":[-0.577349,-0.577349,0.577349,-0.577349,0.577349,0.577349,-0.577349,0.577349,-0.577349,-0.577349,-0.577349,-0.577349,0.577349,-0.577349,-0.577349,0.577349,-0.577349,0.577349,0.577349,0.577349,-0.577349,0.577349,0.577349,0.577349,0.58919,-0.569475,0.573168,0.581103,0.582507,0.568285,-0.753044,0.065676,-0.654653,-0.700583,-0.364238,-0.613575,-0.753044,-0.065676,-0.654653,0.273171,-0.714957,-0.643574,-0.309885,-0.722556,-0.617939,0.691244,-0.060915,-0.720023,0.650075,-0.351817,-0.673482,0.650075,0.351817,-0.673482,0.691244,0.060915,-0.720023,-0.309885,0.722556,-0.617939,0.273171,0.714957,-0.643574,-0.700583,0.364238,-0.613575,0.56682,-0.58385,-0.581164,0.572008,0.573382,-0.586505,0,0,-0.999969,-0.217444,0.56914,-0.792932,0,0,-1,0.229957,0.536241,-0.812098,0.650472,0.056734,-0.757378,0.650472,-0.056734,-0.757378,0.229957,-0.536241,-0.812098,-0.217444,-0.56914,-0.792932,0.5244,0.272652,-0.806604,-0.715659,-0.063051,-0.695578,-0.715659,0.063051,-0.695578,-0.572985,0.310099,-0.758599,-0.572985,-0.310099,-0.758599,0.5244,-0.272652,-0.806604]
}