{
    "faces":[43,2,0,1,3,0,2,3,0,1,0,0,0,0,43,3,7,6,2,0,0,1,2,3,0,1,1,0,43,7,5,4,6,0,0,1,2,3,1,1,1,1,43,0,4,5,1,0,2,3,0,1,0,1,1,0,43,0,2,6,4,0,0,1,2,3,0,0,1,1,43,5,7,3,1,0,0,1,2,3,1,1,0,0,43,9,11,10,8,0,0,1,2,3,0,0,0,0,43,11,15,14,10,0,0,1,2,3,0,1,1,0,43,15,13,12,14,0,0,1,2,3,1,1,1,1,43,13,9,8,12,0,0,1,2,3,1,0,0,1,43,8,10,14,12,0,0,1,2,3,0,0,1,1,43,13,15,11,9,0,0,1,2,3,1,1,0,0,43,17,19,18,16,1,0,1,2,3,0,0,0,0,43,19,23,22,18,1,0,1,2,3,0,1,1,0,43,23,21,20,22,1,0,1,2,3,1,1,1,1,43,21,17,16,20,1,0,1,2,3,1,0,0,1,43,16,18,22,20,1,0,1,2,3,0,0,1,1,43,21,23,19,17,1,0,1,2,3,1,1,0,0,43,25,27,26,24,1,0,1,2,3,0,0,0,0,43,27,31,30,26,1,0,1,2,3,0,1,1,0,43,31,29,28,30,1,0,1,2,3,1,1,1,1,43,29,25,24,28,1,0,1,2,3,1,0,0,1,43,24,26,30,28,1,0,1,2,3,0,0,1,1,43,29,31,27,25,1,0,1,2,3,1,1,0,0],
    "vertices":[0,0,0.35,0,0.6,0.35,0,0,0.33,0,0.6,0.33,0,0,0.35,0,0.6,0.35,0,0,0.33,0,0.6,0.33,0,0,0.35,0,0.6,0.35,0,0,0.33,0,0.6,0.33,0,0,0.35,0,0.6,0.35,0,0,0.33,0,0.6,0.33,0,0,0.3,0,0.6,0.3,0,0,0,0,0.6,-0,0,0,0.3,0,0.6,0.3,0,0,0,0,0.6,-0,0,0,0.3,0,0.6,0.3,0,0,0,0,0.6,-0,0,0,0.3,0,0.6,0.3,0,0,0,0,0.6,-0],
    "name":"Cube.000Geometry",
    "materials":[{
        "shading":"phong",
        "colorSpecular":[0.5,0.5,0.5],
        "visible":true,
        "wireframe":false,
        "opacity":1,
        "colorEmissive":[0,0,0],
        "depthTest":true,
        "DbgName":"cladding",
        "DbgColor":15658734,
        "DbgIndex":0,
        "depthWrite":true,
        "specularCoef":50,
        "transparent":false,
        "colorDiffuse":[1,0,0],
        "blending":"NormalBlending"
    },{
        "shading":"lambert",
        "visible":true,
        "wireframe":false,
        "opacity":1,
        "colorEmissive":[0,0,0],
        "depthTest":true,
        "DbgName":"Material",
        "DbgColor":15597568,
        "DbgIndex":1,
        "depthWrite":true,
        "transparent":false,
        "colorDiffuse":[0.8,0.8,0.8],
        "blending":"NormalBlending"
    }],
    "normals":[-0.447188,0,0.894406,0.447188,0,0.894406],
    "uvs":[[0,0,1,0,1,1,0,1]],
    "metadata":{
        "faces":24,
        "materials":2,
        "normals":2,
        "morphTargets":6,
        "version":3,
        "vertices":32,
        "generator":"io_three",
        "uvs":1,
        "type":"Geometry"
    },
    "morphTargets":[{
        "name":"animation_000000",
        "vertices":[0,0,0.35,0,0.6,0.35,0,0,0.33,0,0.6,0.33,0,0,0.35,0,0.6,0.35,0,0,0.33,0,0.6,0.33,0,0,0.35,0,0.6,0.35,0,0,0.33,0,0.6,0.33,0,0,0.35,0,0.6,0.35,0,0,0.33,0,0.6,0.33,0,0,0.3,0,0.6,0.3,0,0,0,0,0.6,-0,0,0,0.3,0,0.6,0.3,0,0,0,0,0.6,-0,0,0,0.3,0,0.6,0.3,0,0,0,0,0.6,-0,0,0,0.3,0,0.6,0.3,0,0,0,0,0.6,-0]
    },{
        "name":"animation_000001",
        "vertices":[0.5,0,0.35,0.5,0.6,0.35,0.5,0,0.33,0.5,0.6,0.33,1,0,0.35,1,0.6,0.35,1,0,0.33,1,0.6,0.33,0,0,0.35,0,0.6,0.35,0,0,0.33,0,0.6,0.33,0.5,0,0.35,0.5,0.6,0.35,0.5,0,0.33,0.5,0.6,0.33,0.5,0,0.3,0.5,0.6,0.3,0.5,0,0,0.5,0.6,-0,1,0,0.3,1,0.6,0.3,1,0,0,1,0.6,-0,0,0,0.3,0,0.6,0.3,0,0,0,0,0.6,-0,0.5,0,0.3,0.5,0.6,0.3,0.5,0,0,0.5,0.6,-0]
    },{
        "name":"animation_000002",
        "vertices":[0,0,0.35,0,1.6,0.35,0,0,0.33,0,1.6,0.33,0,0,0.35,0,0.6,0.35,0,0,0.33,0,0.6,0.33,0,0,0.35,0,0.6,0.35,0,0,0.33,0,0.6,0.33,0,0,0.35,0,1.6,0.35,0,0,0.33,0,1.6,0.33,0,0,0.3,0,1.6,0.3,0,0,0,0,1.6,-0,0,0,0.3,0,0.6,0.3,0,0,0,0,0.6,-0,0,0,0.3,0,0.6,0.3,0,0,0,0,0.6,-0,0,0,0.3,0,1.6,0.3,0,0,0,0,1.6,-0]
    },{
        "name":"animation_000003",
        "vertices":[0,0,0.35,0,0.6,0.35,0,0,0.33,0,0.6,0.33,0,0,0.35,0,0.6,0.35,0,0,0.33,0,0.6,0.33,0,0,0.35,0,0.6,0.35,0,0,0.33,0,0.6,0.33,0,0,0.35,0,0.6,0.35,0,0,0.33,0,0.6,0.33,0,0,0.3,0,0.6,0.3,0,0,0,0,0.6,-0,0,0,0.3,0,0.6,0.3,0,0,0,0,0.6,-0,0,0,0.3,0,0.6,0.3,0,0,0,0,0.6,-0,0,0,0.3,0,0.6,0.3,0,0,0,0,0.6,-0]
    },{
        "name":"animation_000004",
        "vertices":[0.120777,0,0.35,0.120777,0.841553,0.35,0.120777,0,0.33,0.120777,0.841553,0.33,0.241553,0,0.35,0.241553,0.6,0.35,0.241553,0,0.33,0.241553,0.6,0.33,0,0,0.35,0,0.6,0.35,0,0,0.33,0,0.6,0.33,0.120777,0,0.35,0.120777,0.841553,0.35,0.120777,0,0.33,0.120777,0.841553,0.33,0.120777,0,0.3,0.120777,0.841553,0.3,0.120777,0,0,0.120777,0.841553,-0,0.241553,0,0.3,0.241553,0.6,0.3,0.241553,0,0,0.241553,0.6,-0,0,0,0.3,0,0.6,0.3,0,0,0,0,0.6,-0,0.120777,0,0.3,0.120777,0.841553,0.3,0.120777,0,0,0.120777,0.841553,-0]
    },{
        "name":"animation_000005",
        "vertices":[0.379223,0,0.35,0.379223,1.35845,0.35,0.379223,0,0.33,0.379223,1.35845,0.33,0.758447,0,0.35,0.758447,0.6,0.35,0.758447,0,0.33,0.758447,0.6,0.33,0,0,0.35,0,0.6,0.35,0,0,0.33,0,0.6,0.33,0.379223,0,0.35,0.379223,1.35845,0.35,0.379223,0,0.33,0.379223,1.35845,0.33,0.379223,0,0.3,0.379223,1.35845,0.3,0.379223,0,0,0.379223,1.35845,-0,0.758447,0,0.3,0.758447,0.6,0.3,0.758447,0,0,0.758447,0.6,-0,0,0,0.3,0,0.6,0.3,0,0,0,0,0.6,-0,0.379223,0,0.3,0.379223,1.35845,0.3,0.379223,0,0,0.379223,1.35845,-0]
    }]
}