{
    "name":"CubeGeometry.3",
    "metadata":{
        "materials":1,
        "type":"Geometry",
        "faces":6,
        "uvs":0,
        "morphTargets":2,
        "version":3,
        "generator":"io_three",
        "normals":8,
        "vertices":8
    },
    "normals":[-0.82342,-0.174718,-0.539811,-0.82342,-0.174718,0.539811,0.45201,0.695517,0.558458,0.45201,0.695517,-0.558458,0.668142,-0.436964,-0.602191,0.153111,-0.732047,-0.663778,0.668142,-0.436964,0.602191,0.153111,-0.732047,0.663778],
    "materials":[{
        "opacity":1,
        "DbgColor":15658734,
        "colorEmissive":[0,0,0],
        "wireframe":false,
        "shading":"lambert",
        "colorDiffuse":[0.8,0.8,0.8],
        "visible":true,
        "depthTest":true,
        "blending":"NormalBlending",
        "DbgName":"Material",
        "DbgIndex":0,
        "depthWrite":true,
        "transparent":false
    }],
    "faces":[35,2,0,1,3,0,0,1,2,3,35,3,7,6,2,0,3,4,5,0,35,7,5,4,6,0,4,6,7,5,35,0,4,5,1,0,1,7,6,2,35,0,2,6,4,0,1,0,5,7,35,5,7,3,1,0,6,4,3,2],
    "morphTargets":[{
        "name":"animation_000000",
        "vertices":[0,0,0.6,1.8,0.8,0.6,0,0,0,1.8,0.8,-0,0.2,0,0.6,1.8,0.7,0.6,0.2,0,0,1.8,0.7,-0]
    },{
        "name":"animation_000001",
        "vertices":[0,0,0.6,1.8,3.2,0.6,0,0,0,1.8,3.2,-0,0.2,0,0.6,1.8,2.9,0.6,0.2,0,0,1.8,2.9,-0]
    }],
    "uvs":[],
    "vertices":[0,0,0.6,1.8,0.8,0.6,0,0,0,1.8,0.8,-0,0.2,0,0.6,1.8,0.7,0.6,0.2,0,0,1.8,0.7,-0]
}