{
    "name":"CubeGeometry.1",
    "metadata":{
        "version":3,
        "generator":"io_three",
        "type":"Geometry",
        "faces":6,
        "uvs":0,
        "normals":8,
        "vertices":8
    },
    "normals":[-0.718009,-0.419904,-0.555071,-0.718009,-0.419904,0.555071,0.21305,0.81341,0.541215,0.21305,0.81341,-0.541215,0.731712,-0.188452,-0.655019,0.403394,-0.683279,-0.60857,0.731712,-0.188452,0.655019,0.403394,-0.683279,0.60857],
    "faces":[33,2,0,1,3,0,1,2,3,33,3,7,6,2,3,4,5,0,33,7,5,4,6,4,6,7,5,33,0,4,5,1,1,7,6,2,33,0,2,6,4,1,0,5,7,33,5,7,3,1,6,4,3,2],
    "uvs":[],
    "vertices":[0,0,0.6,1.8,3.2,0.6,0,0,0,1.8,3.2,-0,0.2,0,0.6,1.8,2.9,0.6,0.2,0,0,1.8,2.9,-0]
}