{
    "metadata":{
        "generator":"io_three",
        "morphTargets":2,
        "uvs":0,
        "normals":8,
        "faces":6,
        "materials":1,
        "type":"Geometry",
        "version":3,
        "vertices":8
    },
    "normals":[-0.706565,-0.436689,-0.55678,-0.706565,-0.436689,0.55678,0.193304,0.818842,0.540452,0.193304,0.818842,-0.540452,0.732109,-0.172826,-0.658864,0.418287,-0.676809,-0.605701,0.732109,-0.172826,0.658864,0.418287,-0.676809,0.605701],
    "vertices":[0,0,0.6,1.6,3.2,0.6,0,0,0,1.6,3.2,-0,0.2,0,0.6,1.6,2.8,0.6,0.2,0,0,1.6,2.8,-0],
    "name":"CubeGeometry.3",
    "morphTargets":[{
        "vertices":[0,0,0.6,1.6,3.2,0.6,0,0,0,1.6,3.2,-0,0.2,0,0.6,1.6,2.8,0.6,0.2,0,0,1.6,2.8,-0],
        "name":"animation_000000"
    },{
        "vertices":[0,0,0.6,1.6,0.8,0.6,0,0,0,1.6,0.8,-0,0.2,0,0.6,1.6,0.7,0.6,0.2,0,0,1.6,0.7,-0],
        "name":"animation_000001"
    }],
    "uvs":[],
    "materials":[{
        "colorEmissive":[0,0,0],
        "opacity":1,
        "visible":true,
        "shading":"lambert",
        "depthWrite":true,
        "blending":"NormalBlending",
        "transparent":false,
        "wireframe":false,
        "colorDiffuse":[0.8,0.8,0.8],
        "DbgIndex":0,
        "DbgName":"Material",
        "depthTest":true,
        "DbgColor":15658734
    }],
    "faces":[35,2,0,1,3,0,0,1,2,3,35,3,7,6,2,0,3,4,5,0,35,7,5,4,6,0,4,6,7,5,35,0,4,5,1,0,1,7,6,2,35,0,2,6,4,0,1,0,5,7,35,5,7,3,1,0,6,4,3,2]
}