{
    "vertices":[0,0,0.6,1.6,1.6,0.6,0,0,0,1.6,1.6,-0,0.3,0,0.6,1.6,1.3,0.6,0.3,0,0,1.6,1.3,-0],
    "uvs":[],
    "metadata":{
        "generator":"io_three",
        "version":3,
        "morphTargets":0,
        "type":"Geometry",
        "faces":6,
        "vertices":8,
        "uvs":0,
        "normals":8,
        "materials":1
    },
    "morphTargets":[],
    "normals":[-0.773431,-0.320353,-0.546892,-0.773431,-0.320353,0.546892,0.320353,0.773431,0.546892,0.320353,0.773431,-0.546892,0.717277,-0.297098,-0.630238,0.297098,-0.717277,-0.630238,0.717277,-0.297098,0.630238,0.297098,-0.717277,0.630238],
    "faces":[35,2,0,1,3,0,0,1,2,3,35,3,7,6,2,0,3,4,5,0,35,7,5,4,6,0,4,6,7,5,35,0,4,5,1,0,1,7,6,2,35,0,2,6,4,0,1,0,5,7,35,5,7,3,1,0,6,4,3,2],
    "name":"CubeGeometry",
    "materials":[{
        "wireframe":false,
        "transparent":false,
        "colorEmissive":[0,0,0],
        "DbgColor":15658734,
        "DbgName":"Material",
        "depthWrite":true,
        "blending":"NormalBlending",
        "DbgIndex":0,
        "colorDiffuse":[0.8,0.8,0.8],
        "visible":true,
        "shading":"lambert",
        "depthTest":true,
        "opacity":1
    }]
}