{
    "faces":[35,2,0,1,3,0,0,1,2,3,35,3,7,6,2,0,3,4,5,0,35,7,5,4,6,0,4,6,7,5,35,0,4,5,1,0,1,7,6,2,35,0,2,6,4,0,1,0,5,7,35,5,7,3,1,0,6,4,3,2],
    "metadata":{
        "faces":6,
        "generator":"io_three",
        "type":"Geometry",
        "uvs":0,
        "version":3,
        "materials":1,
        "vertices":8,
        "normals":8,
        "morphTargets":0
    },
    "name":"CubeGeometry.3",
    "materials":[{
        "colorDiffuse":[0.8,0.8,0.8],
        "blending":"NormalBlending",
        "visible":true,
        "depthWrite":true,
        "opacity":1,
        "colorEmissive":[0,0,0],
        "DbgColor":15658734,
        "wireframe":false,
        "shading":"lambert",
        "DbgName":"Material",
        "depthTest":true,
        "DbgIndex":0,
        "transparent":false
    }],
    "uvs":[],
    "vertices":[0,0,0.6,1.6,3.2,0.6,0,0,0,1.6,3.2,-0,0.2,0,0.6,1.6,2.8,0.6,0.2,0,0,1.6,2.8,-0],
    "normals":[-0.706565,-0.436689,-0.55678,-0.706565,-0.436689,0.55678,0.193304,0.818842,0.540452,0.193304,0.818842,-0.540452,0.732109,-0.172826,-0.658864,0.418287,-0.676809,-0.605701,0.732109,-0.172826,0.658864,0.418287,-0.676809,0.605701],
    "morphTargets":[]
}