{
    "name":"CubeGeometry",
    "normals":[0.289773,0,0.957091,0.957091,0,-0.289773,0,0,-1,-0.577349,0.577349,-0.577349,-0.192663,0,0.981262],
    "morphTargets":[{
        "name":"Key 1",
        "vertices":[[1,1,-1],[1,-1,-1],[-1,-1,-1],[-1,1,-1],[1,0.999999,2.33333],[0.999999,-1,2.33333],[-1,-1,2.33333],[-1,1,2.33333]]
    }],
    "vertices":[1,1,-1,1,-1,-1,-1,-1,-1,-1,1,-1,1,0.999999,-1,0.999999,-1,-1,-1,-1,-1,-1,1,-1],
    "uvs":[],
    "metadata":{
        "normals":5,
        "morphTargets":1,
        "faces":6,
        "generator":"io_three",
        "version":3,
        "type":"Geometry",
        "vertices":8,
        "uvs":0
    },
    "faces":[33,0,1,2,3,0,1,2,3,33,4,7,6,5,0,4,2,1,33,0,4,5,1,0,0,1,1,33,1,5,6,2,1,1,2,2,33,2,6,7,3,2,2,4,3,33,4,0,3,7,0,0,3,4]
}