{
    "vertices":[0.003,4,0,0.061244,4.03883,0,0.061244,4.03883,-0.03,0.003,4,-0.03,2.06124,1.03883,0,2.06124,1.03883,-0.03,2.003,1,0,2.003,1,-0.03,0.003,3,0,0.203,3,0,0.203,3,-0.9,0.003,3,-0.9,0.203,2.7,0,0.203,2.7,-0.9,0.403,2.7,0,0.403,2.7,-0.9,0.403,2.4,0,0.403,2.4,-0.9,0.603,2.4,0,0.603,2.4,-0.9,0.603,2.1,0,0.603,2.1,-0.9,0.803,2.1,0,0.803,2.1,-0.9,0.803,1.8,0,0.803,1.8,-0.9,1.003,1.8,0,1.003,1.8,-0.9,1.003,1.5,0,1.003,1.5,-0.9,1.203,1.5,0,1.203,1.5,-0.9,1.203,1.2,0,1.203,1.2,-0.9,1.403,1.2,0,1.403,1.2,-0.9,1.403,0.9,0,1.403,0.9,-0.9,1.603,0.9,0,1.603,0.9,-0.9,1.603,0.6,0,1.603,0.6,-0.9,1.803,0.6,0,1.803,0.6,-0.9,1.803,0.3,0,1.803,0.3,-0.9,2.003,0.3,0,2.003,0.3,-0.9,2.003,0,0,2.003,0,-0.9,0.003,0,0,0.003,0,-0.9,0.003,4,-0.9,2.003,1,-0.9,2.003,1,-0.87,0.003,4,-0.87,2.06124,1.03883,-0.9,2.06124,1.03883,-0.87,0.061244,4.03883,-0.9,0.061244,4.03883,-0.87],
    "metadata":{
        "type":"Geometry",
        "generator":"io_three",
        "materials":1,
        "faces":78,
        "normals":18,
        "vertices":60,
        "version":3,
        "uvs":1,
        "morphTargets":0
    },
    "name":"object_1.001Geometry",
    "morphTargets":[],
    "uvs":[[0,0,0.009522,0,0.009522,0.588235,0,0.588235,0.5,0,0.5,0.588235,0.509522,0,0.509522,0.588235,1,0,1,0.588235,0.490478,1,0,1,0,0.588236,0.490478,0.588236,1,0.588236,0.509522,1,0.509522,0.588236,1,1,0.019048,0,0.019048,0.591836,0,0.591836,0.033333,0,0.033333,0.591836,0.052381,0,0.052381,0.591836,0.066667,0,0.066667,0.591836,0.085714,0,0.085714,0.591836,0.1,0,0.1,0.591836,0.119048,0,0.119048,0.591836,0.133333,0,0.133333,0.591836,0.152381,0,0.152381,0.591836,0.166667,0,0.166667,0.591836,0.185714,0,0.185714,0.591836,0.2,0,0.2,0.591836,0.219048,0,0.219048,0.591836,0.233333,0,0.233333,0.591836,0.252381,0,0.252381,0.591836,0.266667,0,0.266667,0.591836,0.285714,0,0.285714,0.591836,0.3,0,0.3,0.591836,0.319048,0,0.319048,0.591836,0.333333,0,0.333333,0.591836,0.714286,0,0.714286,0.591836,1,0.591836,0.27,0.959184,0.3,0.959184,0.3,1,0.24,0.918367,0.27,0.918367,0.21,0.877551,0.24,0.877551,0.18,0.836735,0.15,0.795918,0.21,0.836735,0.18,0.795918,0.12,0.755102,0.15,0.755102,0.09,0.714286,0.12,0.714286,0.06,0.67347,0.03,0.632653,0.06,0.632653,0.09,0.67347,0,0.591837,0.03,0.591837,0.27,0.632653,0.3,0.591837,0.3,0.632653,0.24,0.67347,0.27,0.67347,0.21,0.714286,0.24,0.714286,0.18,0.755102,0.21,0.755102,0.12,0.836735,0.15,0.836735,0.09,0.877551,0.12,0.877551,0.06,0.918367,0.03,0.959184,0.06,0.959184,0.09,0.918367,0.03,1,0.490478,0,0.490478,0.588235,0.990478,0,0.990478,0.588235,0,1]],
    "materials":[{
        "shading":"phong",
        "colorDiffuse":[0.64,0.64,0.64],
        "wireframe":false,
        "colorEmissive":[0,0,0],
        "visible":true,
        "colorSpecular":[0.5,0.5,0.5],
        "DbgName":"Material",
        "depthWrite":true,
        "depthTest":true,
        "transparent":false,
        "DbgIndex":0,
        "DbgColor":15658734,
        "opacity":1,
        "blending":"NormalBlending",
        "specularCoef":50
    }],
    "faces":[43,0,1,2,3,0,0,1,2,3,0,1,2,3,43,1,4,5,2,0,1,4,5,2,1,4,5,2,43,4,6,7,5,0,4,6,7,5,4,6,7,5,43,6,0,3,7,0,6,8,9,7,6,0,3,7,42,0,6,4,0,10,11,12,0,6,4,42,4,1,0,0,12,13,10,4,1,0,42,3,5,7,0,14,15,16,3,5,7,42,5,3,2,0,15,14,17,5,3,2,43,8,9,10,11,0,0,18,19,20,8,9,10,11,43,9,12,13,10,0,18,21,22,19,9,12,13,10,43,12,14,15,13,0,21,23,24,22,12,9,10,13,43,14,16,17,15,0,23,25,26,24,9,12,13,10,43,16,18,19,17,0,25,27,28,26,12,9,10,13,43,18,20,21,19,0,27,29,30,28,9,12,13,10,43,20,22,23,21,0,29,31,32,30,12,9,10,13,43,22,24,25,23,0,31,33,34,32,9,12,13,10,43,24,26,27,25,0,33,35,36,34,12,9,10,13,43,26,28,29,27,0,35,37,38,36,9,12,13,10,43,28,30,31,29,0,37,39,40,38,12,9,10,13,43,30,32,33,31,0,39,41,42,40,9,12,13,10,43,32,34,35,33,0,41,43,44,42,12,9,10,13,43,34,36,37,35,0,43,45,46,44,9,12,13,10,43,36,38,39,37,0,45,47,48,46,12,9,10,13,43,38,40,41,39,0,47,49,50,48,9,12,13,10,43,40,42,43,41,0,49,51,52,50,12,9,10,13,43,42,44,45,43,0,51,53,54,52,9,12,13,10,43,44,46,47,45,0,53,55,56,54,12,9,10,13,43,46,48,49,47,0,55,57,58,56,9,14,15,10,43,48,50,51,49,0,57,59,60,58,14,16,17,15,43,50,8,11,51,0,59,8,61,60,16,8,11,17,42,12,9,8,0,62,63,64,12,9,8,42,16,14,12,0,65,66,62,12,9,12,42,50,16,12,0,11,65,62,16,12,12,42,50,12,8,0,11,62,64,16,12,8,42,50,20,16,0,11,67,65,16,12,12,42,18,16,20,0,68,65,67,9,12,12,42,24,20,50,0,69,67,11,12,12,16,42,28,24,50,0,70,69,11,12,12,16,42,20,24,22,0,67,69,71,12,12,9,42,26,24,28,0,72,69,70,9,12,12,42,32,30,28,0,73,74,70,12,9,12,42,36,34,32,0,75,76,73,12,9,12,42,36,50,40,0,75,11,77,12,16,12,42,50,32,28,0,11,73,70,16,12,12,42,44,42,40,0,78,79,77,12,9,12,42,36,40,38,0,75,77,80,12,12,9,42,48,46,44,0,81,82,78,14,9,12,42,50,48,44,0,11,81,78,16,14,12,42,40,50,44,0,77,11,78,12,16,12,42,32,50,36,0,73,11,75,12,16,12,42,13,11,10,0,83,84,85,13,11,10,42,17,13,15,0,86,83,87,13,13,10,42,51,13,17,0,81,83,86,17,13,13,42,51,11,13,0,81,84,83,17,11,13,42,51,17,21,0,81,86,88,17,13,13,42,19,21,17,0,89,88,86,10,13,13,42,25,51,21,0,90,81,88,13,17,13,42,29,51,25,0,70,81,90,13,17,13,42,21,23,25,0,88,91,90,13,10,13,42,27,29,25,0,72,70,90,10,13,13,42,33,29,31,0,92,70,93,13,13,10,42,37,33,35,0,94,92,95,13,13,10,42,37,41,51,0,94,96,81,13,13,17,42,51,29,33,0,81,70,92,17,13,13,42,45,41,43,0,97,96,98,13,13,10,42,37,39,41,0,94,99,96,13,10,13,42,49,45,47,0,11,97,100,15,13,10,42,51,45,49,0,81,97,11,17,13,15,42,41,45,51,0,96,97,81,13,13,17,42,33,37,51,0,92,94,81,13,13,17,43,52,53,54,55,0,0,101,102,3,3,7,6,0,43,53,56,57,54,0,101,4,5,102,7,5,4,6,43,56,58,59,57,0,4,103,104,5,5,2,1,4,43,58,52,55,59,0,103,8,9,104,2,3,0,1,42,56,52,58,0,13,105,12,5,3,2,42,52,56,53,0,105,13,10,3,5,7,42,57,59,55,0,17,15,16,4,1,0,42,55,54,57,0,16,14,17,0,6,4],
    "normals":[-0.800623,0.1601,0.577349,0.1601,0.800623,0.577349,0.1601,0.800623,-0.577349,-0.800623,0.1601,-0.577349,0.800623,-0.1601,0.577349,0.800623,-0.1601,-0.577349,-0.1601,-0.800623,0.577349,-0.1601,-0.800623,-0.577349,-0.577349,0.577349,0.577349,0.577349,0.577349,0.577349,0.577349,0.577349,-0.577349,-0.577349,0.577349,-0.577349,0.301492,0.301492,0.904508,0.301492,0.301492,-0.904508,0.577349,-0.577349,0.577349,0.577349,-0.577349,-0.577349,-0.577349,-0.577349,0.577349,-0.577349,-0.577349,-0.577349]
}