{
    "normals":[0.577349,-0.577349,0.577349,-0.577349,-0.577349,0.577349,-0.577349,-0.577349,-0.577349,0.577349,-0.577349,-0.577349,-0.577349,0.577349,0.577349,-0.577349,0.577349,-0.577349,0.577349,0.577349,0.577349,0.577349,0.577349,-0.577349,0.301492,0.301492,0.904508,0.301492,0.301492,-0.904508],
    "materials":[{
        "depthWrite":true,
        "opacity":1,
        "depthTest":true,
        "blending":"NormalBlending",
        "shading":"phong",
        "colorDiffuse":[0.64,0.64,0.64],
        "colorEmissive":[0,0,0],
        "transparent":false,
        "colorSpecular":[0.5,0.5,0.5],
        "wireframe":false,
        "DbgIndex":0,
        "DbgColor":15658734,
        "visible":true,
        "specularCoef":50,
        "DbgName":"Material"
    }],
    "vertices":[4,0,0,0,0,0,0,0,-1,4,0,-1,0,3,0,0,3,-1,0.2,3,0,0.2,3,-1,0.2,2.85,0,0.2,2.85,-1,0.4,2.85,0,0.4,2.85,-1,0.4,2.7,0,0.4,2.7,-1,0.6,2.7,0,0.6,2.7,-1,0.6,2.55,0,0.6,2.55,-1,0.8,2.55,0,0.8,2.55,-1,0.8,2.4,0,0.8,2.4,-1,1,2.4,0,1,2.4,-1,1,2.25,0,1,2.25,-1,1.2,2.25,0,1.2,2.25,-1,1.2,2.1,0,1.2,2.1,-1,1.4,2.1,0,1.4,2.1,-1,1.4,1.95,0,1.4,1.95,-1,1.6,1.95,0,1.6,1.95,-1,1.6,1.8,0,1.6,1.8,-1,1.8,1.8,0,1.8,1.8,-1,1.8,1.65,0,1.8,1.65,-1,2,1.65,0,2,1.65,-1,2,1.5,0,2,1.5,-1,2.2,1.5,0,2.2,1.5,-1,2.2,1.35,0,2.2,1.35,-1,2.4,1.35,0,2.4,1.35,-1,2.4,1.2,0,2.4,1.2,-1,2.6,1.2,0,2.6,1.2,-1,2.6,1.05,0,2.6,1.05,-1,2.8,1.05,0,2.8,1.05,-1,2.8,0.9,0,2.8,0.9,-1,3,0.9,0,3,0.9,-1,3,0.75,0,3,0.75,-1,3.2,0.75,0,3.2,0.75,-1,3.2,0.6,0,3.2,0.6,-1,3.4,0.6,0,3.4,0.6,-1,3.4,0.45,0,3.4,0.45,-1,3.6,0.45,0,3.6,0.45,-1,3.6,0.3,0,3.6,0.3,-1,3.8,0.3,0,3.8,0.3,-1,3.8,0.15,0,3.8,0.15,-1,4,0.15,0,4,0.15,-1],
    "metadata":{
        "normals":10,
        "vertices":84,
        "generator":"io_three",
        "faces":122,
        "version":3,
        "materials":1,
        "type":"Geometry",
        "uvs":1,
        "morphTargets":0
    },
    "name":"object_1Geometry",
    "faces":[43,0,1,2,3,0,0,1,2,3,0,1,2,3,43,1,4,5,2,0,1,4,5,2,1,4,5,2,43,4,6,7,5,0,4,6,7,5,4,6,7,5,43,6,8,9,7,0,6,8,9,7,6,8,9,7,43,8,10,11,9,0,8,10,11,9,8,6,7,9,43,10,12,13,11,0,10,12,13,11,6,8,9,7,43,12,14,15,13,0,12,14,15,13,8,6,7,9,43,14,16,17,15,0,14,16,17,15,6,8,9,7,43,16,18,19,17,0,16,18,19,17,8,6,7,9,43,18,20,21,19,0,18,20,21,19,6,8,9,7,43,20,22,23,21,0,20,22,23,21,8,6,7,9,43,22,24,25,23,0,22,24,25,23,6,8,9,7,43,24,26,27,25,0,24,26,27,25,8,6,7,9,43,26,28,29,27,0,26,28,29,27,6,8,9,7,43,28,30,31,29,0,28,30,31,29,8,6,7,9,43,30,32,33,31,0,30,32,33,31,6,8,9,7,43,32,34,35,33,0,32,34,35,33,8,6,7,9,43,34,36,37,35,0,34,36,37,35,6,8,9,7,43,36,38,39,37,0,36,38,39,37,8,6,7,9,43,38,40,41,39,0,38,40,41,39,6,8,9,7,43,40,42,43,41,0,40,42,43,41,8,6,7,9,43,42,44,45,43,0,42,44,45,43,6,8,9,7,43,44,46,47,45,0,44,46,47,45,8,6,7,9,43,46,48,49,47,0,46,48,49,47,6,8,9,7,43,48,50,51,49,0,48,50,51,49,8,6,7,9,43,50,52,53,51,0,50,52,53,51,6,8,9,7,43,52,54,55,53,0,52,54,55,53,8,6,7,9,43,54,56,57,55,0,54,56,57,55,6,8,9,7,43,56,58,59,57,0,56,58,59,57,8,6,7,9,43,58,60,61,59,0,58,60,61,59,6,8,9,7,43,60,62,63,61,0,60,62,63,61,8,6,7,9,43,62,64,65,63,0,62,64,65,63,6,8,9,7,43,64,66,67,65,0,64,66,67,65,8,6,7,9,43,66,68,69,67,0,66,68,69,67,6,8,9,7,43,68,70,71,69,0,68,70,71,69,8,6,7,9,43,70,72,73,71,0,70,72,73,71,6,8,9,7,43,72,74,75,73,0,72,74,75,73,8,6,7,9,43,74,76,77,75,0,74,76,77,75,6,8,9,7,43,76,78,79,77,0,76,78,79,77,8,6,7,9,43,78,80,81,79,0,78,80,81,79,6,8,9,7,43,80,82,83,81,0,80,82,83,81,8,6,7,9,43,82,0,3,83,0,82,84,85,83,6,0,3,7,42,8,6,4,0,86,87,88,8,6,4,42,12,10,8,0,89,90,86,8,6,8,42,12,8,1,0,89,86,91,8,8,1,42,1,8,4,0,91,86,88,1,8,4,42,12,16,14,0,89,92,93,8,8,6,42,24,22,20,0,94,95,96,8,6,8,42,16,20,18,0,92,96,97,8,8,6,42,1,16,12,0,91,92,89,1,8,8,42,16,1,20,0,92,91,96,8,1,8,42,28,26,24,0,98,99,94,8,6,8,42,28,1,32,0,98,91,100,8,1,8,42,24,1,28,0,94,91,98,8,1,8,42,30,28,32,0,101,98,100,6,8,8,42,20,1,24,0,96,91,94,8,1,8,42,36,34,32,0,102,103,100,8,6,8,42,1,40,36,0,91,104,102,1,8,8,42,44,40,1,0,105,104,91,8,8,1,42,36,40,38,0,102,104,106,8,8,6,42,32,1,36,0,100,91,102,8,1,8,42,42,40,44,0,107,104,105,6,8,8,42,48,46,44,0,108,109,105,8,6,8,42,52,50,48,0,110,111,108,8,6,8,42,48,1,52,0,108,91,110,8,1,8,42,44,1,48,0,105,91,108,8,1,8,42,52,56,54,0,110,112,113,8,8,6,42,64,62,60,0,114,115,116,8,6,8,42,56,60,58,0,112,116,117,8,8,6,42,1,64,60,0,91,114,116,1,8,8,42,60,56,1,0,116,112,91,8,8,1,42,68,66,64,0,118,119,114,8,6,8,42,72,70,68,0,120,121,118,8,6,8,42,1,76,72,0,91,122,120,1,8,8,42,64,1,68,0,114,91,118,8,1,8,42,80,78,76,0,123,124,122,8,6,8,42,72,76,74,0,120,122,125,8,8,6,42,0,82,80,0,126,127,123,0,6,8,42,1,0,80,0,91,126,123,1,0,8,42,1,80,76,0,91,123,122,1,8,8,42,68,1,72,0,118,91,120,8,1,8,42,52,1,56,0,110,91,112,8,1,8,42,9,5,7,0,128,91,129,9,5,7,42,13,9,11,0,130,128,131,9,9,7,42,13,2,9,0,130,88,128,9,2,9,42,2,5,9,0,88,91,128,2,5,9,42,13,15,17,0,130,132,133,9,7,9,42,25,21,23,0,134,135,136,9,9,7,42,17,19,21,0,133,137,135,9,7,9,42,2,13,17,0,88,130,133,2,9,9,42,17,21,2,0,133,135,88,9,9,2,42,29,25,27,0,138,134,139,9,9,7,42,29,33,2,0,138,140,88,9,9,2,42,25,29,2,0,134,138,88,9,9,2,42,31,33,29,0,141,140,138,7,9,9,42,21,25,2,0,135,134,88,9,9,2,42,37,33,35,0,142,140,143,9,9,7,42,2,37,41,0,88,142,144,2,9,9,42,45,2,41,0,105,88,144,9,2,9,42,37,39,41,0,142,145,144,9,7,9,42,33,37,2,0,140,142,88,9,9,2,42,43,45,41,0,146,105,144,7,9,9,42,49,45,47,0,147,105,109,9,9,7,42,53,49,51,0,148,147,149,9,9,7,42,49,53,2,0,147,148,88,9,9,2,42,45,49,2,0,105,147,88,9,9,2,42,53,55,57,0,148,150,151,9,7,9,42,65,61,63,0,152,153,154,9,9,7,42,57,59,61,0,151,155,153,9,7,9,42,2,61,65,0,88,153,152,2,9,9,42,61,2,57,0,153,88,151,9,2,9,42,69,65,67,0,156,152,157,9,9,7,42,73,69,71,0,158,156,159,9,9,7,42,2,73,77,0,88,158,160,2,9,9,42,65,69,2,0,152,156,88,9,9,2,42,81,77,79,0,161,160,162,9,9,7,42,73,75,77,0,158,163,160,9,7,9,42,3,81,83,0,164,161,165,3,9,7,42,2,81,3,0,88,161,164,2,9,3,42,2,77,81,0,88,160,161,2,9,9,42,69,73,2,0,156,158,88,9,9,2,42,53,57,2,0,148,151,88,9,9,2],