{
    "uvs":[[0,0,0.473269,0,0.113249,0.043228,0.121909,0.049023,0.127691,0.057691,0.129716,0.067912,0.473269,0.378616,0.09281,0.043212,0.103032,0.041187,0.084142,0.048994,0.078347,0.057653,0.076306,0.067871,0.076067,0.310717,0.127436,0.320977,0.129477,0.310759,0.112972,0.335418,0.12164,0.329636,0,0.378616,0.078092,0.320939,0.083874,0.329607,0.092533,0.335402,0.102751,0.337443,0.526731,0.236635,0.998535,0.236635,0.998535,0.471805,0.526731,0.471805,0.621384,0.945074,0.621384,0.473269,0.998535,0.473269,0.998535,0.945074,0.526731,0,0.998535,0,0.998535,0.23517,0.526731,0.23517,0,0.473269,0,0.851885,0.23517,0.851885,0.23517,0.473269,0.290096,0.473269,0.525266,0.473269,0.525266,0.851885,0.290096,0.851885,0.548929,0.483689,0.548929,0.473269,0.526731,0.473269,0.526731,0.483689,0.548929,0.504528,0.548929,0.494108,0.526731,0.494108,0.526731,0.504528,0.548929,0.514947,0.526731,0.514947,0.548929,0.535786,0.548929,0.525367,0.526731,0.525367,0.526731,0.535786,0.548929,0.556625,0.548929,0.546205,0.526731,0.546205,0.526731,0.556625,0.597721,0.473269,0.597721,0.716116,0.61992,0.716116,0.61992,0.473269,0.572593,0.483689,0.572593,0.473269,0.550394,0.473269,0.550394,0.483689,0.572593,0.504528,0.572593,0.494108,0.550394,0.494108,0.550394,0.504528,0.572593,0.514947,0.550394,0.514947,0.572593,0.535786,0.572593,0.525367,0.550394,0.525367,0.550394,0.535786,0.572593,0.556625,0.572593,0.546205,0.550394,0.546205,0.550394,0.556625,0.574058,0.473269,0.574058,0.716116,0.596256,0.716116,0.596256,0.473269,0.281024,0.481091,0.280974,0.761704,0.272597,0.475302,0.286654,0.489755,0.288631,0.499974,0.272547,0.767493,0.262658,0.473269,0.252718,0.475302,0.252668,0.767493,0.244292,0.481091,0.238662,0.489755,0.236685,0.499974,0.244242,0.761704,0.262608,0.769526,0.288581,0.742821,0.286604,0.75304,0.238612,0.75304,0.236635,0.742821]],
    "name":"object_1.001Geometry",
    "vertices":[0.048,0.2025,0.1,0.048,0.0025,0.1,0.066268,0.154642,0.1,0.068717,0.150982,0.1,0.07238,0.148539,0.1,0.076699,0.147683,0.1,0.208,0.0025,0.1,0.066261,0.163279,0.1,0.065405,0.15896,0.1,0.068704,0.166942,0.1,0.072364,0.169391,0.1,0.076682,0.170254,0.1,0.179307,0.170355,0.1,0.183642,0.148647,0.1,0.179324,0.147784,0.1,0.189745,0.154759,0.1,0.187302,0.151096,0.1,0.208,0.2025,0.1,0.183626,0.169499,0.1,0.187289,0.167056,0.1,0.189738,0.163396,0.1,0.190601,0.159078,0.1,0.208,0.0025,0,0.208,0.2025,0,0.048,0.0025,0,0.048,0.2025,0,0.179307,0.170355,0.09,0.183626,0.169499,0.09,0.187289,0.167056,0.09,0.189738,0.163396,0.09,0.190601,0.159078,0.09,0.189745,0.154759,0.09,0.187302,0.151096,0.09,0.183642,0.148647,0.09,0.179324,0.147784,0.09,0.076682,0.170254,0.09,0.076699,0.147683,0.09,0.07238,0.148539,0.09,0.068717,0.150982,0.09,0.066268,0.154642,0.09,0.065405,0.15896,0.09,0.066261,0.163279,0.09,0.068704,0.166942,0.09,0.072364,0.169391,0.09],
    "materials":[{
        "DbgIndex":0,
        "DbgName":"Material.001",
        "opacity":1,
        "visible":true,
        "wireframe":false,
        "transparent":false,
        "colorEmissive":[0,0,0],
        "colorSpecular":[0.496403,0.496403,0.496403],
        "depthTest":true,
        "depthWrite":true,
        "shading":"phong",
        "blending":"NormalBlending",
        "colorDiffuse":[0.524613,0.518035,0.64],
        "DbgColor":15658734,
        "specularCoef":50
    },{
        "DbgIndex":1,
        "DbgName":"Material",
        "opacity":1,
        "visible":true,
        "wireframe":false,
        "transparent":false,
        "colorEmissive":[0,0,0],
        "depthTest":true,
        "depthWrite":true,
        "shading":"lambert",
        "blending":"NormalBlending",
        "colorDiffuse":[0.080012,0.080012,0.080012],
        "DbgColor":15597568
    }],
    "normals":[-0.577349,0.577349,0.577319,-0.577349,-0.577349,0.577349,0.606922,0.25193,0.753746,0.464309,0.465011,0.753746,0.250984,0.607288,0.753746,0.066378,0.680319,0.72985,0.577349,-0.577349,0.577349,0.607288,-0.250984,0.753746,0.657125,0.000488,0.753746,0.465011,-0.464309,0.753746,0.25193,-0.606922,0.753746,0.067598,-0.680258,0.72982,-0.066378,-0.680349,0.72985,-0.25193,0.606922,0.753746,-0.067598,0.680258,0.72982,-0.607288,0.250984,0.753746,-0.465011,0.464309,0.753746,0.577349,0.577349,0.577349,-0.250984,-0.607288,0.753746,-0.464309,-0.465011,0.753746,-0.606922,-0.25193,0.753746,-0.657125,-0.000488,0.753746,0.577349,-0.577349,-0.577349,0.577349,0.577349,-0.577349,-0.577349,-0.577349,-0.577349,-0.577349,0.577349,-0.577349,-0.070681,-0.724448,0.685659,-0.285012,-0.689596,0.6657,-0.527207,-0.528031,0.6657,-0.689169,-0.286081,0.6657,-0.746178,-0.000549,0.6657,-0.689596,0.285012,0.6657,-0.528031,0.527207,0.6657,-0.286081,0.689169,0.6657,-0.071963,0.724296,0.68569,0.071963,-0.724296,0.68569,0.070681,0.724448,0.685659,0.285012,0.689596,0.6657,0.527207,0.528031,0.6657,0.689169,0.286081,0.6657,0.746178,0.000549,0.6657,0.689596,-0.285012,0.6657,0.528031,-0.527207,0.6657,0.286081,-0.689169,0.6657],
    "morphTargets":[{
        "name":"animation_000000",
        "vertices":[0.048,0.2025,0.1,0.048,0.0025,0.1,0.066268,0.154642,0.1,0.068717,0.150982,0.1,0.07238,0.148539,0.1,0.076699,0.147683,0.1,0.208,0.0025,0.1,0.066261,0.163279,0.1,0.065405,0.15896,0.1,0.068704,0.166942,0.1,0.072364,0.169391,0.1,0.076682,0.170254,0.1,0.179307,0.170355,0.1,0.183642,0.148647,0.1,0.179324,0.147784,0.1,0.189745,0.154759,0.1,0.187302,0.151096,0.1,0.208,0.2025,0.1,0.183626,0.169499,0.1,0.187289,0.167056,0.1,0.189738,0.163396,0.1,0.190601,0.159078,0.1,0.208,0.0025,0,0.208,0.2025,0,0.048,0.0025,0,0.048,0.2025,0,0.179307,0.170355,0.09,0.183626,0.169499,0.09,0.187289,0.167056,0.09,0.189738,0.163396,0.09,0.190601,0.159078,0.09,0.189745,0.154759,0.09,0.187302,0.151096,0.09,0.183642,0.148647,0.09,0.179324,0.147784,0.09,0.076682,0.170254,0.09,0.076699,0.147683,0.09,0.07238,0.148539,0.09,0.068717,0.150982,0.09,0.066268,0.154642,0.09,0.065405,0.15896,0.09,0.066261,0.163279,0.09,0.068704,0.166942,0.09,0.072364,0.169391,0.09]
    },{
        "name":"animation_000001",
        "vertices":[0.048,1.2025,0.1,0.048,0.0025,0.1,0.066268,0.154642,0.1,0.068717,0.150982,0.1,0.07238,0.148539,0.1,0.076699,0.147683,0.1,0.208,0.0025,0.1,0.066261,0.163279,0.1,0.065405,0.15896,0.1,0.068704,0.166942,0.1,0.072364,0.169391,0.1,0.076682,0.170254,0.1,0.179307,0.170355,0.1,0.183642,0.148647,0.1,0.179324,0.147784,0.1,0.189745,0.154759,0.1,0.187302,0.151096,0.1,0.208,1.2025,0.1,0.183626,0.169499,0.1,0.187289,0.167056,0.1,0.189738,0.163396,0.1,0.190601,0.159078,0.1,0.208,0.0025,0,0.208,1.2025,-0,0.048,0.0025,0,0.048,1.2025,-0,0.179307,0.170355,0.09,0.183626,0.169499,0.09,0.187289,0.167056,0.09,0.189738,0.163396,0.09,0.190601,0.159078,0.09,0.189745,0.154759,0.09,0.187302,0.151096,0.09,0.183642,0.148647,0.09,0.179324,0.147784,0.09,0.076682,0.170254,0.09,0.076699,0.147683,0.09,0.07238,0.148539,0.09,0.068717,0.150982,0.09,0.066268,0.154642,0.09,0.065405,0.15896,0.09,0.066261,0.163279,0.09,0.068704,0.166942,0.09,0.072364,0.169391,0.09]
    }],
    "metadata":{
        "uvs":1,
        "vertices":44,
        "version":3,
        "materials":2,
        "generator":"io_three",
        "faces":61,
        "type":"Geometry",
        "morphTargets":2,
        "normals":44
    },