{
    "name":"object_1.001Geometry.3",
    "metadata":{
        "materials":2,
        "type":"Geometry",
        "faces":84,
        "uvs":1,
        "morphTargets":2,
        "version":3,
        "generator":"io_three",
        "normals":16,
        "vertices":72
    },
    "normals":[-0.577349,0.577349,-0.577349,-0.577349,-0.577349,-0.577349,-0.577349,-0.577349,0.577349,-0.577349,0.577349,0.577349,0.577349,-0.577349,0.577349,0.577349,0.577349,0.577349,0.577349,-0.577349,-0.577349,0.577349,0.577349,-0.577349,-0.301492,-0.904508,0.301492,0.301492,-0.904508,0.301492,0.301492,-0.904508,-0.301492,-0.301492,-0.904508,-0.301492,-0.301492,0.904508,0.301492,0.301492,0.904508,0.301492,0.301492,0.904508,-0.301492,-0.301492,0.904508,-0.301492],
    "materials":[{
        "opacity":1,
        "DbgColor":15658734,
        "colorEmissive":[0,0,0],
        "wireframe":false,
        "shading":"phong",
        "colorDiffuse":[0.64,0.64,0.64],
        "visible":true,
        "depthTest":true,
        "blending":"NormalBlending",
        "DbgName":"Material.001",
        "DbgIndex":0,
        "colorSpecular":[0.5,0.5,0.5],
        "depthWrite":true,
        "transparent":false,
        "specularCoef":50
    },{
        "opacity":1,
        "DbgColor":15597568,
        "colorEmissive":[0,0,0],
        "wireframe":false,
        "shading":"lambert",
        "colorDiffuse":[0.752942,0.791298,0.48515],
        "visible":true,
        "depthTest":true,
        "blending":"NormalBlending",
        "DbgName":"Material",
        "DbgIndex":1,
        "depthWrite":true,
        "transparent":false
    }],
    "faces":[43,0,1,2,3,0,0,1,2,3,0,1,2,3,43,3,2,4,5,0,4,5,6,7,3,2,4,5,43,5,4,6,7,0,8,9,10,11,5,4,6,7,43,1,0,7,6,0,14,15,12,13,1,0,7,6,42,8,9,1,0,16,17,18,8,9,1,42,10,1,9,0,19,18,17,10,1,9,43,11,12,13,10,0,20,21,22,19,11,8,9,10,43,8,14,15,11,0,16,23,24,20,8,9,10,11,43,1,10,13,2,0,18,19,22,25,1,10,9,2,42,6,8,1,0,26,16,18,6,8,1,42,16,14,6,0,27,23,26,8,9,6,42,8,6,14,0,16,26,23,8,6,9,43,17,18,19,15,0,28,29,30,24,11,8,9,10,42,6,17,16,0,26,28,27,6,11,8,42,18,17,6,0,29,28,26,8,11,6,43,19,12,11,15,0,30,21,20,24,9,8,11,10,42,20,2,21,0,31,25,32,11,2,10,42,13,21,2,0,22,32,25,9,10,2,42,4,2,20,0,33,25,31,4,2,11,43,12,19,22,20,0,21,30,34,31,8,9,10,11,42,23,4,22,0,35,33,34,11,4,10,42,20,22,4,0,31,34,33,11,10,4,42,18,4,23,0,29,33,35,8,4,11,42,6,4,18,0,26,33,29,6,4,8,42,24,0,25,1,36,37,38,12,0,13,42,26,25,0,1,39,38,37,14,13,0,43,27,26,28,29,1,40,39,41,42,15,14,13,12,43,24,27,30,31,1,36,40,43,44,12,15,14,13,43,0,3,28,26,1,37,45,41,39,0,3,13,14,42,7,0,24,1,46,37,36,7,0,12,42,32,7,31,1,47,46,44,12,7,13,42,24,31,7,1,36,44,46,12,13,7,43,33,30,34,35,1,48,43,49,50,15,14,13,12,42,7,32,33,1,46,47,48,7,12,15,42,35,7,33,1,50,46,48,12,7,15,43,34,30,27,29,1,49,43,40,42,13,14,15,12,42,36,37,3,1,51,52,45,15,14,3,42,28,3,37,1,41,45,52,13,3,14,42,5,36,3,1,53,51,45,5,15,3,43,29,36,38,34,1,42,51,54,49,12,15,14,13,42,39,38,5,1,55,54,53,15,14,5,42,36,5,38,1,51,53,54,15,5,14,42,35,39,5,1,50,55,53,12,15,5,42,7,35,5,1,46,50,53,7,12,5,43,25,26,40,41,0,56,57,58,59,13,14,7,5,43,26,27,42,40,0,60,61,62,63,14,15,0,7,43,27,24,43,42,0,64,65,66,67,15,12,3,0,43,24,25,41,43,0,68,69,70,71,12,13,5,3,43,43,41,40,42,0,72,73,74,75,3,5,7,0,43,31,30,44,45,0,76,77,78,79,13,14,7,5,43,30,33,46,44,0,80,81,82,83,14,15,0,7,43,33,32,47,46,0,84,85,86,87,15,12,3,0,43,32,31,45,47,0,88,89,90,91,12,13,5,3,43,47,45,44,46,0,92,93,94,95,3,5,7,0,43,34,38,48,49,0,96,97,98,99,13,14,7,5,43,38,39,50,48,0,100,101,102,103,14,15,0,7,43,39,35,51,50,0,104,105,106,107,15,12,3,0,43,35,34,49,51,0,108,109,110,111,12,13,5,3,43,51,49,48,50,0,112,113,114,115,3,5,7,0,43,28,37,52,53,0,116,117,118,119,13,14,7,5,43,37,36,54,52,0,120,121,122,123,14,15,0,7,43,36,29,55,54,0,124,125,126,127,15,12,3,0,43,29,28,53,55,0,128,129,130,131,12,13,5,3,43,55,53,52,54,0,132,133,134,135,3,5,7,0,43,56,57,58,59,0,136,137,138,139,2,1,6,4,43,59,58,21,13,0,140,141,142,143,4,6,10,9,43,58,57,20,21,0,144,145,146,147,6,1,11,10,43,57,56,12,20,0,148,149,150,151,1,2,8,11,43,56,59,13,12,0,152,153,154,155,2,4,9,8,43,60,61,62,63,0,156,157,158,159,2,1,6,4,43,63,62,22,19,0,160,161,162,163,4,6,10,9,43,62,61,23,22,0,164,165,166,167,6,1,11,10,43,61,60,18,23,0,168,169,170,171,1,2,8,11,43,60,63,19,18,0,172,173,174,175,2,4,9,8,43,64,65,66,67,0,176,177,178,179,2,1,6,4,43,67,66,15,14,0,180,181,182,183,4,6,10,9,43,66,65,17,15,0,184,185,186,187,6,1,11,10,43,65,64,16,17,0,188,189,190,191,1,2,8,11,43,64,67,14,16,0,192,193,194,195,2,4,9,8,43,68,69,70,71,0,196,197,198,199,2,1,6,4,43,71,70,10,9,0,200,201,202,203,4,6,10,9,43,70,69,11,10,0,204,205,206,207,6,1,11,10,43,69,68,8,11,0,208,209,210,211,1,2,8,11,43,68,71,9,8,0,212,213,214,215,2,4,9,8],
    "morphTargets":[{
        "name":"animation_000000",
        "vertices":[-0,-0,-0,0,0,0,-0,0,0.6,-0,0,0.6,0.3,0,0.6,0.3,0,0.6,0.3,0,0,0.3,0,0,0.122,0,0.075,0.086,0,0.075,0.086,0,0.225,0.122,0,0.225,0.122,0,0.375,0.086,0,0.375,0.246,0,0.075,0.246,0,0.225,0.282,0,0.075,0.282,0,0.225,0.282,0,0.375,0.246,0,0.375,0.122,0,0.525,0.086,0,0.525,0.246,0,0.525,0.282,0,0.525,0.122,0,0.075,0.086,0,0.075,0.086,0,0.225,0.122,0,0.225,0.086,0,0.375,0.122,0,0.375,0.246,0,0.225,0.246,0,0.075,0.282,0,0.075,0.282,0,0.225,0.246,0,0.375,0.282,0,0.375,0.122,0,0.525,0.086,0,0.525,0.246,0,0.525,0.282,0,0.525,0.086,-0.05,0.225,0.086,-0.05,0.075,0.122,-0.05,0.225,0.122,-0.05,0.075,0.246,-0.05,0.225,0.246,-0.05,0.075,0.282,-0.05,0.225,0.282,-0.05,0.075,0.246,-0.05,0.525,0.246,-0.05,0.375,0.282,-0.05,0.525,0.282,-0.05,0.375,0.086,-0.05,0.525,0.086,-0.05,0.375,0.122,-0.05,0.525,0.122,-0.05,0.375,0.122,0.05,0.375,0.122,0.05,0.525,0.086,0.05,0.525,0.086,0.05,0.375,0.282,0.05,0.375,0.282,0.05,0.525,0.246,0.05,0.525,0.246,0.05,0.375,0.282,0.05,0.075,0.282,0.05,0.225,0.246,0.05,0.225,0.246,0.05,0.075,0.122,0.05,0.075,0.122,0.05,0.225,0.086,0.05,0.225,0.086,0.05,0.075]
    },{
        "name":"animation_000001",
        "vertices":[-0,1,-0,0,0,0,-0,0,0.6,-0,1,0.6,0.3,0,0.6,0.3,1,0.6,0.3,0,0,0.3,1,-0,0.122,0,0.075,0.086,0,0.075,0.086,0,0.225,0.122,0,0.225,0.122,0,0.375,0.086,0,0.375,0.246,0,0.075,0.246,0,0.225,0.282,0,0.075,0.282,0,0.225,0.282,0,0.375,0.246,0,0.375,0.122,0,0.525,0.086,0,0.525,0.246,0,0.525,0.282,0,0.525,0.122,1,0.075,0.086,1,0.075,0.086,1,0.225,0.122,1,0.225,0.086,1,0.375,0.122,1,0.375,0.246,1,0.225,0.246,1,0.075,0.282,1,0.075,0.282,1,0.225,0.246,1,0.375,0.282,1,0.375,0.122,1,0.525,0.086,1,0.525,0.246,1,0.525,0.282,1,0.525,0.086,0.95,0.225,0.086,0.95,0.075,0.122,0.95,0.225,0.122,0.95,0.075,0.246,0.95,0.225,0.246,0.95,0.075,0.282,0.95,0.225,0.282,0.95,0.075,0.246,0.95,0.525,0.246,0.95,0.375,0.282,0.95,0.525,0.282,0.95,0.375,0.086,0.95,0.525,0.086,0.95,0.375,0.122,0.95,0.525,0.122,0.95,0.375,0.122,0.05,0.375,0.122,0.05,0.525,0.086,0.05,0.525,0.086,0.05,0.375,0.282,0.05,0.375,0.282,0.05,0.525,0.246,0.05,0.525,0.246,0.05,0.375,0.282,0.05,0.075,0.282,0.05,0.225,0.246,0.05,0.225,0.246,0.05,0.075,0.122,0.05,0.075,0.122,0.05,0.225,0.086,0.05,0.225,0.086,0.05,0.075]
    }],