{
    "name":"Cube.002Geometry.1",
    "vertices":[0.2,0,0,0.2,0,0.6,-0,0,0.6,0,-0,-0,0.2,2.5,0,0.2,2.5,0.6,-0,2.5,0.6,0,2.5,-0],
    "materials":[{
        "colorEmissive":[0,0,0],
        "blending":"NormalBlending",
        "colorDiffuse":[1,1,1],
        "transparent":false,
        "visible":true,
        "DbgName":"Material",
        "shading":"lambert",
        "DbgIndex":0,
        "depthTest":true,
        "opacity":1,
        "wireframe":false,
        "DbgColor":15658734,
        "depthWrite":true
    }],
    "faces":[35,0,1,2,3,0,0,1,2,3,35,4,7,6,5,0,4,5,6,7,35,0,4,5,1,0,0,4,7,1,35,1,5,6,2,0,1,7,6,2,35,2,6,7,3,0,2,6,5,3,35,4,0,3,7,0,4,0,3,5],
    "morphTargets":[],
    "uvs":[],
    "normals":[0.577349,-0.577349,-0.577349,0.577349,-0.577349,0.577349,-0.577349,-0.577349,0.577349,-0.577349,-0.577349,-0.577349,0.577349,0.577349,-0.577349,-0.577349,0.577349,-0.577349,-0.577349,0.577349,0.577349,0.577349,0.577349,0.577349],
    "metadata":{
        "faces":6,
        "morphTargets":0,
        "materials":1,
        "normals":8,
        "vertices":8,
        "type":"Geometry",
        "generator":"io_three",
        "uvs":0,
        "version":3
    }
}