{
    "materials":[{
        "blending":"NormalBlending",
        "specularCoef":50,
        "depthWrite":true,
        "DbgColor":60928,
        "colorSpecular":[0.5,0.5,0.5],
        "shading":"phong",
        "opacity":1,
        "wireframe":false,
        "depthTest":true,
        "colorEmissive":[0,0,0],
        "DbgIndex":2,
        "transparent":false,
        "DbgName":"cladding",
        "visible":true,
        "colorDiffuse":[1,0,0.003715]
    },{
        "blending":"NormalBlending",
        "specularCoef":50,
        "depthWrite":true,
        "DbgColor":15658734,
        "colorSpecular":[0.5,0.5,0.5],
        "shading":"phong",
        "opacity":1,
        "wireframe":false,
        "depthTest":true,
        "colorEmissive":[0,0,0],
        "DbgIndex":0,
        "transparent":false,
        "DbgName":"Material.001",
        "visible":true,
        "colorDiffuse":[0.64,0.64,0.64]
    },{
        "blending":"NormalBlending",
        "depthWrite":true,
        "DbgColor":15597568,
        "shading":"lambert",
        "opacity":1,
        "wireframe":false,
        "depthTest":true,
        "colorEmissive":[0,0,0],
        "DbgIndex":1,
        "transparent":false,
        "DbgName":"Material",
        "visible":true,
        "colorDiffuse":[0.752942,0.791298,0.48515]
    }],
    "vertices":[-0.05,0,0.6,-0.05,0,0.6,-0.05,0,0,-0.05,0,0,-0.03,0,0.6,-0.03,0,0.6,-0.03,0,0,-0.03,0,0,0.3,0,0.6,0.3,0,0.6,0.3,-0,-0,0.3,-0,-0,-0,0,-0,0,0,-0,-0,0,0.6,0,0,0.6,0.178,0,0.525,0.214,0,0.525,0.214,0,0.375,0.178,0,0.375,0.178,0,0.225,0.214,0,0.225,0.054,0,0.525,0.054,0,0.375,0.018,0,0.525,0.018,0,0.375,0.018,0,0.225,0.054,0,0.225,0.178,0,0.075,0.214,0,0.075,0.054,0,0.075,0.018,0,0.075,0.178,0,0.525,0.214,0,0.525,0.214,0,0.375,0.178,0,0.375,0.214,0,0.225,0.178,0,0.225,0.054,0,0.375,0.054,0,0.525,0.018,0,0.525,0.018,0,0.375,0.054,0,0.225,0.018,0,0.225,0.178,0,0.075,0.214,0,0.075,0.054,0,0.075,0.018,0,0.075,0.214,-0.05,0.375,0.214,-0.05,0.525,0.178,-0.05,0.375,0.178,-0.05,0.525,0.054,-0.05,0.375,0.054,-0.05,0.525,0.018,-0.05,0.375,0.018,-0.05,0.525,0.054,-0.05,0.075,0.054,-0.05,0.225,0.018,-0.05,0.075,0.018,-0.05,0.225,0.214,-0.05,0.075,0.214,-0.05,0.225,0.178,-0.05,0.075,0.178,-0.05,0.225,0.178,0.05,0.225,0.178,0.05,0.075,0.214,0.05,0.075,0.214,0.05,0.225,0.018,0.05,0.225,0.018,0.05,0.075,0.054,0.05,0.075,0.054,0.05,0.225,0.018,0.05,0.525,0.018,0.05,0.375,0.054,0.05,0.375,0.054,0.05,0.525,0.178,0.05,0.525,0.178,0.05,0.375,0.214,0.05,0.375,0.214,0.05,0.525],
    "name":"object_1.001Geometry",
    "normals":[0,-0.447188,0.894406,0,0.447188,0.894406,0.017426,0.999817,-0.00766,0.619678,-0.707083,0.340556,0,-0.189093,0.981933,0.011628,-0.999908,-0.005097,0,1,0,0,0.981933,0.189093,0,-1,0,0.619678,0.707083,0.340556,0.301492,-0.904508,-0.301492,-0.301492,-0.904508,-0.301492,-0.301492,-0.904508,0.301492,0.301492,-0.904508,0.301492,0.301492,0.904508,-0.301492,-0.301492,0.904508,-0.301492,-0.301492,0.904508,0.301492,0.301492,0.904508,0.301492,-0.577349,0.577349,0.577349,-0.577349,0.577349,-0.577349,0.577349,0.577349,0.577349,0.577349,0.577349,-0.577349,0.577349,-0.577349,-0.577349,0.577349,-0.577349,0.577349,-0.577349,-0.577349,0.577349,-0.577349,-0.577349,-0.577349],
    "morphTargets":[{
        "vertices":[-0.05,0,0.6,-0.05,0,0.6,-0.05,0,0,-0.05,0,0,-0.03,0,0.6,-0.03,0,0.6,-0.03,0,0,-0.03,0,0,0.3,0,0.6,0.3,0,0.6,0.3,-0,-0,0.3,-0,-0,-0,0,-0,0,0,-0,-0,0,0.6,0,0,0.6,0.178,0,0.525,0.214,0,0.525,0.214,0,0.375,0.178,0,0.375,0.178,0,0.225,0.214,0,0.225,0.054,0,0.525,0.054,0,0.375,0.018,0,0.525,0.018,0,0.375,0.018,0,0.225,0.054,0,0.225,0.178,0,0.075,0.214,0,0.075,0.054,0,0.075,0.018,0,0.075,0.178,0,0.525,0.214,0,0.525,0.214,0,0.375,0.178,0,0.375,0.214,0,0.225,0.178,0,0.225,0.054,0,0.375,0.054,0,0.525,0.018,0,0.525,0.018,0,0.375,0.054,0,0.225,0.018,0,0.225,0.178,0,0.075,0.214,0,0.075,0.054,0,0.075,0.018,0,0.075,0.214,-0.05,0.375,0.214,-0.05,0.525,0.178,-0.05,0.375,0.178,-0.05,0.525,0.054,-0.05,0.375,0.054,-0.05,0.525,0.018,-0.05,0.375,0.018,-0.05,0.525,0.054,-0.05,0.075,0.054,-0.05,0.225,0.018,-0.05,0.075,0.018,-0.05,0.225,0.214,-0.05,0.075,0.214,-0.05,0.225,0.178,-0.05,0.075,0.178,-0.05,0.225,0.178,0.05,0.225,0.178,0.05,0.075,0.214,0.05,0.075,0.214,0.05,0.225,0.018,0.05,0.225,0.018,0.05,0.075,0.054,0.05,0.075,0.054,0.05,0.225,0.018,0.05,0.525,0.018,0.05,0.375,0.054,0.05,0.375,0.054,0.05,0.525,0.178,0.05,0.525,0.178,0.05,0.375,0.214,0.05,0.375,0.214,0.05,0.525],
        "name":"animation_000000"
    },{
        "vertices":[-0.05,0,0.6,-0.05,1,0.6,-0.05,0,0,-0.05,1,-0,-0.03,0,0.6,-0.03,1,0.6,-0.03,0,0,-0.03,1,-0,0.3,1,0.6,0.3,0,0.6,0.3,-0,-0,0.3,1,-0,-0,0,-0,0,1,-0,-0,0,0.6,0,1,0.6,0.178,0,0.525,0.214,0,0.525,0.214,0,0.375,0.178,0,0.375,0.178,0,0.225,0.214,0,0.225,0.054,0,0.525,0.054,0,0.375,0.018,0,0.525,0.018,0,0.375,0.018,0,0.225,0.054,0,0.225,0.178,0,0.075,0.214,0,0.075,0.054,0,0.075,0.018,0,0.075,0.178,1,0.525,0.214,1,0.525,0.214,1,0.375,0.178,1,0.375,0.214,1,0.225,0.178,1,0.225,0.054,1,0.375,0.054,1,0.525,0.018,1,0.525,0.018,1,0.375,0.054,1,0.225,0.018,1,0.225,0.178,1,0.075,0.214,1,0.075,0.054,1,0.075,0.018,1,0.075,0.214,0.95,0.375,0.214,0.95,0.525,0.178,0.95,0.375,0.178,0.95,0.525,0.054,0.95,0.375,0.054,0.95,0.525,0.018,0.95,0.375,0.018,0.95,0.525,0.054,0.95,0.075,0.054,0.95,0.225,0.018,0.95,0.075,0.018,0.95,0.225,0.214,0.95,0.075,0.214,0.95,0.225,0.178,0.95,0.075,0.178,0.95,0.225,0.178,0.05,0.225,0.178,0.05,0.075,0.214,0.05,0.075,0.214,0.05,0.225,0.018,0.05,0.225,0.018,0.05,0.075,0.054,0.05,0.075,0.054,0.05,0.225,0.018,0.05,0.525,0.018,0.05,0.375,0.054,0.05,0.375,0.054,0.05,0.525,0.178,0.05,0.525,0.178,0.05,0.375,0.214,0.05,0.375,0.214,0.05,0.525],
        "name":"animation_000001"
    },{
        "vertices":[-0.05,0,0.6,-0.05,1,0.6,-0.05,0,0,-0.05,1,-0,-0.03,0,0.6,-0.03,1,0.6,-0.03,0,0,-0.03,1,-0,0.3,1,0.6,0.3,0,0.6,0.3,-0,-0,0.3,1,-0,-0,0,-0,0,1,-0,-0,0,0.6,0,1,0.6,0.178,0,0.525,0.214,0,0.525,0.214,0,0.375,0.178,0,0.375,0.178,0,0.225,0.214,0,0.225,0.054,0,0.525,0.054,0,0.375,0.018,0,0.525,0.018,0,0.375,0.018,0,0.225,0.054,0,0.225,0.178,0,0.075,0.214,0,0.075,0.054,0,0.075,0.018,0,0.075,0.178,1,0.525,0.214,1,0.525,0.214,1,0.375,0.178,1,0.375,0.214,1,0.225,0.178,1,0.225,0.054,1,0.375,0.054,1,0.525,0.018,1,0.525,0.018,1,0.375,0.054,1,0.225,0.018,1,0.225,0.178,1,0.075,0.214,1,0.075,0.054,1,0.075,0.018,1,0.075,0.214,0.95,0.375,0.214,0.95,0.525,0.178,0.95,0.375,0.178,0.95,0.525,0.054,0.95,0.375,0.054,0.95,0.525,0.018,0.95,0.375,0.018,0.95,0.525,0.054,0.95,0.075,0.054,0.95,0.225,0.018,0.95,0.075,0.018,0.95,0.225,0.214,0.95,0.075,0.214,0.95,0.225,0.178,0.95,0.075,0.178,0.95,0.225,0.178,0.05,0.225,0.178,0.05,0.075,0.214,0.05,0.075,0.214,0.05,0.225,0.018,0.05,0.225,0.018,0.05,0.075,0.054,0.05,0.075,0.054,0.05,0.225,0.018,0.05,0.525,0.018,0.05,0.375,0.054,0.05,0.375,0.054,0.05,0.525,0.178,0.05,0.525,0.178,0.05,0.375,0.214,0.05,0.375,0.214,0.05,0.525],