{
    "faces":[43,0,1,2,3,0,0,1,2,3,0,1,2,3,43,3,2,4,5,0,0,1,2,3,3,2,4,5,43,5,4,6,7,0,0,1,2,3,5,4,6,7,43,1,0,7,6,0,2,3,0,1,1,0,7,6,42,8,9,1,0,0,1,2,8,9,1,43,1,9,10,2,0,0,1,2,3,1,9,10,2,42,6,8,1,0,0,1,2,6,8,1,42,11,12,6,0,0,1,2,8,9,6,42,8,6,12,0,0,1,2,8,6,9,42,13,11,6,0,0,1,2,11,8,6,43,14,15,8,12,0,0,1,2,3,10,11,8,9,42,15,2,10,0,0,1,2,11,2,10,42,4,2,15,0,0,1,2,4,2,11,42,13,4,14,0,0,1,2,11,4,10,42,15,14,4,0,0,1,2,11,10,4,42,6,4,13,0,0,1,2,6,4,11,42,16,0,17,1,0,1,2,12,0,13,43,0,3,18,17,1,0,1,2,3,0,3,14,13,42,7,0,16,1,0,1,2,7,0,12,42,19,7,20,1,0,1,2,12,7,13,42,16,20,7,1,0,1,2,12,13,7,42,21,7,19,1,0,1,2,15,7,12,43,22,20,16,23,1,0,1,2,3,14,13,12,15,42,23,18,3,1,0,1,2,15,14,3,42,5,23,3,1,0,1,2,5,15,3,42,21,22,5,1,0,1,2,15,14,5,42,23,5,22,1,0,1,2,15,5,14,42,7,21,5,1,0,1,2,7,15,5,43,17,18,24,25,0,0,1,2,3,13,14,16,17,43,18,23,26,24,0,0,1,2,3,14,15,18,16,43,23,16,27,26,0,0,1,2,3,15,12,19,18,43,16,17,25,27,0,0,1,2,3,12,13,17,19,43,27,25,24,26,0,0,1,2,3,19,17,16,18,43,20,22,28,29,0,0,1,2,3,13,14,16,17,43,22,21,30,28,0,0,1,2,3,14,15,18,16,43,21,19,31,30,0,0,1,2,3,15,12,19,18,43,19,20,29,31,0,0,1,2,3,12,13,17,19,43,31,29,28,30,0,0,1,2,3,19,17,16,18,43,32,33,34,35,0,0,1,2,3,20,21,22,23,43,35,34,14,12,0,0,1,2,3,23,22,10,9,43,34,33,13,14,0,0,1,2,3,22,21,11,10,43,33,32,11,13,0,0,1,2,3,21,20,8,11,43,32,35,12,11,0,0,1,2,3,20,23,9,8,43,36,37,38,39,0,0,1,2,3,20,21,22,23,43,39,38,10,9,0,0,1,2,3,23,22,10,9,43,38,37,15,10,0,0,1,2,3,22,21,11,10,43,37,36,8,15,0,0,1,2,3,21,20,8,11,43,36,39,9,8,0,0,1,2,3,20,23,9,8,43,41,43,42,40,2,0,1,2,3,16,17,23,22,43,43,47,46,42,2,0,1,2,3,17,19,20,23,43,47,45,44,46,2,0,1,2,3,19,18,21,20,43,45,41,40,44,2,0,1,2,3,18,16,22,21,43,40,42,46,44,2,0,1,2,3,22,23,20,21,43,45,47,43,41,2,0,1,2,3,18,19,17,16,43,49,51,50,48,2,0,1,2,3,16,17,23,22,43,51,55,54,50,2,0,1,2,3,17,19,20,23,43,55,53,52,54,2,0,1,2,3,19,18,21,20,43,53,49,48,52,2,0,1,2,3,18,16,22,21,43,48,50,54,52,2,0,1,2,3,22,23,20,21,43,53,55,51,49,2,0,1,2,3,18,19,17,16],
    "vertices":[0.300001,0,0.3,0.3,0,0.3,0.3,-0,-0,0.300001,-0,-0,0,0,-0,1e-06,0,-0,0,0,0.3,1e-06,0,0.3,0.178,0,0.225,0.214,0,0.225,0.214,0,0.075,0.018,0,0.225,0.054,0,0.225,0.018,0,0.075,0.054,0,0.075,0.178,0,0.075,0.178001,0,0.225,0.214001,0,0.225,0.214001,0,0.075,0.018001,0,0.225,0.054001,0,0.225,0.018001,0,0.075,0.054001,0,0.075,0.178001,0,0.075,0.214001,-0.05,0.075,0.214001,-0.05,0.225,0.178001,-0.05,0.075,0.178001,-0.05,0.225,0.054001,-0.05,0.075,0.054001,-0.05,0.225,0.018001,-0.05,0.075,0.018001,-0.05,0.225,0.018,0.05,0.225,0.018,0.05,0.075,0.054,0.05,0.075,0.054,0.05,0.225,0.178,0.05,0.225,0.178,0.05,0.075,0.214,0.05,0.075,0.214,0.05,0.225,-0.05,0,0.3,-0.05,0,0.3,-0.05,-0,-0.03,-0.05,0,-0.03,-0.03,0,0.3,-0.03,0,0.3,-0.03,-0,-0.03,-0.03,0,-0.03,-0.05,-0,-0.03,-0.05,0,-0.03,-0.05,-0,-0.05,-0.05,0,-0.05,0.3,-0,-0.03,0.3,0,-0.03,0.3,-0,-0.05,0.3,0,-0.05],
    "name":"Cube.002Geometry.6",
    "materials":[{
        "shading":"phong",
        "colorSpecular":[0.5,0.5,0.5],
        "visible":true,
        "wireframe":false,
        "opacity":1,
        "colorEmissive":[0,0,0],
        "depthTest":true,
        "DbgName":"Material.001",
        "DbgColor":15597568,
        "DbgIndex":1,
        "depthWrite":true,
        "specularCoef":50,
        "transparent":false,
        "colorDiffuse":[0.64,0.64,0.64],
        "blending":"NormalBlending"
    },{
        "shading":"lambert",
        "visible":true,
        "wireframe":false,
        "opacity":1,
        "colorEmissive":[0,0,0],
        "depthTest":true,
        "DbgName":"Material",
        "DbgColor":60928,
        "DbgIndex":2,
        "depthWrite":true,
        "transparent":false,
        "colorDiffuse":[0.752942,0.791298,0.48515],
        "blending":"NormalBlending"
    },{
        "shading":"phong",
        "colorSpecular":[0.5,0.5,0.5],
        "visible":true,
        "wireframe":false,
        "opacity":1,
        "colorEmissive":[0,0,0],
        "depthTest":true,
        "DbgName":"cladding",
        "DbgColor":15658734,
        "DbgIndex":0,
        "depthWrite":true,
        "specularCoef":50,
        "transparent":false,
        "colorDiffuse":[0.8,0,0.001472],
        "blending":"NormalBlending"
    }],
    "normals":[0.007263,-0.999969,-0.001038,-0.703604,-0.707083,0.070162,0,-0.707083,-0.707083,0.029023,0.999542,-0.004181,-0.027955,0.999603,0,0,0.707083,-0.707083,-0.008606,-0.999939,0,-0.703604,0.707083,0.070162,0.301492,-0.904508,-0.301492,-0.301492,-0.904508,-0.301492,-0.301492,-0.904508,0.301492,0.301492,-0.904508,0.301492,0.301492,0.904508,-0.301492,-0.301492,0.904508,-0.301492,-0.301492,0.904508,0.301492,0.301492,0.904508,0.301492,-0.577349,0.577349,0.577349,-0.577349,0.577349,-0.577349,0.577349,0.577349,0.577349,0.577349,0.577349,-0.577349,0.577349,-0.577349,-0.577349,0.577349,-0.577349,0.577349,-0.577349,-0.577349,0.577349,-0.577349,-0.577349,-0.577349],
    "uvs":[[0,0,1,0,1,1,0,1]],
    "metadata":{
        "faces":60,
        "materials":3,
        "normals":24,
        "morphTargets":4,
        "version":3,
        "vertices":56,
        "generator":"io_three",
        "uvs":1,
        "type":"Geometry"
    },
    "morphTargets":[{
        "name":"animation_000000",
        "vertices":[0.300001,0,0.3,0.3,0,0.3,0.3,-0,-0,0.300001,-0,-0,0,0,-0,1e-06,0,-0,0,0,0.3,1e-06,0,0.3,0.178,0,0.225,0.214,0,0.225,0.214,0,0.075,0.018,0,0.225,0.054,0,0.225,0.018,0,0.075,0.054,0,0.075,0.178,0,0.075,0.178001,0,0.225,0.214001,0,0.225,0.214001,0,0.075,0.018001,0,0.225,0.054001,0,0.225,0.018001,0,0.075,0.054001,0,0.075,0.178001,0,0.075,0.214001,-0.05,0.075,0.214001,-0.05,0.225,0.178001,-0.05,0.075,0.178001,-0.05,0.225,0.054001,-0.05,0.075,0.054001,-0.05,0.225,0.018001,-0.05,0.075,0.018001,-0.05,0.225,0.018,0.05,0.225,0.018,0.05,0.075,0.054,0.05,0.075,0.054,0.05,0.225,0.178,0.05,0.225,0.178,0.05,0.075,0.214,0.05,0.075,0.214,0.05,0.225,-0.05,0,0.3,-0.05,0,0.3,-0.05,-0,-0.03,-0.05,0,-0.03,-0.03,0,0.3,-0.03,0,0.3,-0.03,-0,-0.03,-0.03,0,-0.03,-0.05,-0,-0.03,-0.05,0,-0.03,-0.05,-0,-0.05,-0.05,0,-0.05,0.3,-0,-0.03,0.3,0,-0.03,0.3,-0,-0.05,0.3,0,-0.05]
    },{
        "name":"animation_000001",
        "vertices":[0.300001,1,0.3,0.3,0,0.3,0.3,-0,-0,0.300001,1,-0,0,0,-0,1e-06,1,-0,0,0,0.3,1e-06,1,0.3,0.178,0,0.225,0.214,0,0.225,0.214,0,0.075,0.018,0,0.225,0.054,0,0.225,0.018,0,0.075,0.054,0,0.075,0.178,0,0.075,0.178001,1,0.225,0.214001,1,0.225,0.214001,1,0.075,0.018001,1,0.225,0.054001,1,0.225,0.018001,1,0.075,0.054001,1,0.075,0.178001,1,0.075,0.214001,0.95,0.075,0.214001,0.95,0.225,0.178001,0.95,0.075,0.178001,0.95,0.225,0.054001,0.95,0.075,0.054001,0.95,0.225,0.018001,0.95,0.075,0.018001,0.95,0.225,0.018,0.05,0.225,0.018,0.05,0.075,0.054,0.05,0.075,0.054,0.05,0.225,0.178,0.05,0.225,0.178,0.05,0.075,0.214,0.05,0.075,0.214,0.05,0.225,-0.05,0,0.3,-0.05,1,0.3,-0.05,-0,-0.03,-0.05,1,-0.03,-0.03,0,0.3,-0.03,1,0.3,-0.03,-0,-0.03,-0.03,1,-0.03,-0.05,-0,-0.03,-0.05,1,-0.03,-0.05,-0,-0.05,-0.05,1,-0.05,0.3,-0,-0.03,0.3,1,-0.03,0.3,-0,-0.05,0.3,1,-0.05]
    },{
        "name":"animation_000002",
        "vertices":[0.300001,1,0.3,0.3,0,0.3,0.3,-0,-0,0.300001,1,-0,0,0,-0,1e-06,1,-0,0,0,0.3,1e-06,1,0.3,0.178,0,0.225,0.214,0,0.225,0.214,0,0.075,0.018,0,0.225,0.054,0,0.225,0.018,0,0.075,0.054,0,0.075,0.178,0,0.075,0.178001,1,0.225,0.214001,1,0.225,0.214001,1,0.075,0.018001,1,0.225,0.054001,1,0.225,0.018001,1,0.075,0.054001,1,0.075,0.178001,1,0.075,0.214001,0.95,0.075,0.214001,0.95,0.225,0.178001,0.95,0.075,0.178001,0.95,0.225,0.054001,0.95,0.075,0.054001,0.95,0.225,0.018001,0.95,0.075,0.018001,0.95,0.225,0.018,0.05,0.225,0.018,0.05,0.075,0.054,0.05,0.075,0.054,0.05,0.225,0.178,0.05,0.225,0.178,0.05,0.075,0.214,0.05,0.075,0.214,0.05,0.225,-0.05,0,0.3,-0.05,1,0.3,-0.05,-0,-0.03,-0.05,1,-0.03,-0.03,0,0.3,-0.03,1,0.3,-0.03,-0,-0.03,-0.03,1,-0.03,-0.05,-0,-0.03,-0.05,1,-0.03,-0.05,-0,-0.05,-0.05,1,-0.05,0.3,-0,-0.03,0.3,1,-0.03,0.3,-0,-0.05,0.3,1,-0.05]
    },{
        "name":"animation_000003",